season,date,match_id,variant,outcome,p_home,p_draw,p_away,rps
2022/23,2023-03-12,2022/23|2023-03-12|Freiburg|Hoffenheim,current_only,0,0.5564099142361055,0.23312166539379953,0.21046842037009525,0.12053456008055112
2022/23,2023-03-12,2022/23|2023-03-12|Werder Bremen|Leverkusen,current_only,2,0.2546262181094311,0.2593788449140453,0.48599493697652346,0.16451785788123974
2022/23,2023-03-12,2022/23|2023-03-12|Wolfsburg|Union Berlin,current_only,1,0.5003764258911297,0.2984497950752144,0.20117377903365602,0.1454237284791317
2022/23,2023-03-17,2022/23|2023-03-17|M'gladbach|Werder Bremen,current_only,1,0.5522273858390706,0.2585015222568327,0.18927109190409638,0.1703893159506114
2022/23,2023-03-18,2022/23|2023-03-18|Augsburg|Schalke 04,current_only,1,0.433979187331395,0.2947092568632148,0.2713115558053901,0.1309739476751797
2022/23,2023-03-18,2022/23|2023-03-18|Bochum|RB Leipzig,current_only,0,0.15173517736641917,0.1960849044899147,0.652179918143666,0.5724459274737297
2022/23,2023-03-18,2022/23|2023-03-18|Dortmund|FC Koln,current_only,0,0.5687735164095984,0.2432318115563259,0.18799467203407566,0.1106491384314713
2022/23,2023-03-18,2022/23|2023-03-18|Hoffenheim|Hertha,current_only,0,0.4603096487142569,0.2798438209766273,0.2598465303091159,0.17939294729230754
2022/23,2023-03-18,2022/23|2023-03-18|Stuttgart|Wolfsburg,current_only,2,0.4650024750974401,0.26682538262000377,0.2681721422825558,0.3758996575890243
2022/23,2023-03-19,2022/23|2023-03-19|Leverkusen|Bayern Munich,current_only,0,0.2880883546402489,0.23746401174463835,0.47444763361511255,0.36595937392090416
2022/23,2023-03-19,2022/23|2023-03-19|Mainz|Freiburg,current_only,1,0.5030111180153338,0.27021115316499694,0.22677772881966918,0.1522241615678218
2022/23,2023-03-19,2022/23|2023-03-19|Union Berlin|Ein Frankfurt,current_only,0,0.3507798393268848,0.3489285167854743,0.30029164388764057,0.2558309442065836
2022/23,2023-03-31,2022/23|2023-03-31|Ein Frankfurt|Bochum,current_only,1,0.624791798783541,0.23235610778846413,0.14285209342799488,0.20538575621196667
2022/23,2023-04-01,2022/23|2023-04-01|Bayern Munich|Dortmund,current_only,0,0.6412496378145899,0.1939972745043851,0.164753087681025,0.07792270113429722
2022/23,2023-04-01,2022/23|2023-04-01|Freiburg|Hertha,current_only,1,0.4992112273356722,0.2766303110040503,0.22415846166027742,0.14972943271594516
2022/23,2023-04-01,2022/23|2023-04-01|RB Leipzig|Mainz,current_only,2,0.7123947536949446,0.1690912085211929,0.11851403778386246,0.6422618933380952
2022/23,2023-04-01,2022/23|2023-04-01|Schalke 04|Leverkusen,current_only,2,0.337703692463518,0.29686243201121826,0.3654338755252638,0.2583589751171904
2022/23,2023-04-01,2022/23|2023-04-01|Union Berlin|Stuttgart,current_only,0,0.43082291839687853,0.32840299037300424,0.2407740912301175,0.1909673566149676
2022/23,2023-04-01,2022/23|2023-04-01|Wolfsburg|Augsburg,current_only,1,0.5996390713905518,0.23897592909692736,0.16138499951252105,0.19280606700288985
2022/23,2023-04-02,2022/23|2023-04-02|FC Koln|M'gladbach,current_only,1,0.5115508318169879,0.25377727065491845,0.23467189752809356,0.15837757651104417
2022/23,2023-04-02,2022/23|2023-04-02|Werder Bremen|Hoffenheim,current_only,2,0.34972458317297683,0.26283704630545307,0.38743837052157026,0.24876951699239086
2022/23,2023-04-08,2022/23|2023-04-08|Augsburg|FC Koln,current_only,2,0.22206132929688854,0.2824139729793874,0.4955246977237244,0.1519032822879206
2022/23,2023-04-08,2022/23|2023-04-08|Dortmund|Union Berlin,current_only,0,0.6236918395400729,0.22361779085952704,0.15269036960040014,0.08246109029872051
2022/23,2023-04-08,2022/23|2023-04-08|Freiburg|Bayern Munich,current_only,2,0.18347703793344067,0.20293149220715567,0.6135914698594037,0.09148768780712269
2022/23,2023-04-08,2022/23|2023-04-08|Hertha|RB Leipzig,current_only,2,0.19146693784299756,0.2355941935763065,0.5729388685806959,0.1095203991280552
2022/23,2023-04-08,2022/23|2023-04-08|Leverkusen|Ein Frankfurt,current_only,0,0.5391782615734075,0.23910501498014053,0.22171672344645185,0.13075749003116863
2022/23,2023-04-08,2022/23|2023-04-08|Mainz|Werder Bremen,current_only,1,0.6394069258529403,0.21106856581652544,0.14952450833053457,0.21559939771009778
2022/23,2023-04-09,2022/23|2023-04-09|Bochum|Stuttgart,current_only,2,0.2651440333564108,0.274589299207209,0.46026666743638034,0.18080671435236823
2022/23,2023-04-09,2022/23|2023-04-09|Hoffenheim|Schalke 04,current_only,0,0.47871639809481886,0.28545915960557905,0.23582444229960203,0.1636748806005789
2022/23,2023-04-09,2022/23|2023-04-09|M'gladbach|Wolfsburg,current_only,0,0.3428075699798848,0.2738246235222316,0.3833678064978835,0.28943638256737136
2022/23,2023-04-14,2022/23|2023-04-14|Schalke 04|Hertha,current_only,0,0.39697940318152136,0.3112585667181729,0.29176203010030605,0.2243794611977829
2022/23,2023-04-15,2022/23|2023-04-15|Bayern Munich|Hoffenheim,current_only,1,0.6915514674074538,0.18139813386066173,0.12705039873188415,0.24719261794566671
2022/23,2023-04-15,2022/23|2023-04-15|Ein Frankfurt|M'gladbach,current_only,1,0.49824165962634404,0.2873563336988694,0.21440200667478632,0.14710648592669442
2022/23,2023-04-15,2022/23|2023-04-15|FC Koln|Mainz,current_only,1,0.5172261159493788,0.26440869740511685,0.21836518664550422,0.1576031048794031
2022/23,2023-04-15,2022/23|2023-04-15|RB Leipzig|Augsburg,current_only,0,0.848354099687512,0.08688399452132481,0.06476190579116294,0.013595291761644281
2022/23,2023-04-15,2022/23|2023-04-15|Stuttgart|Dortmund,current_only,1,0.3070926038823133,0.2350998346750168,0.4578075614426696,0.15194681533665166
2022/23,2023-04-16,2022/23|2023-04-16|Union Berlin|Bochum,current_only,1,0.5304302706441854,0.25996116305957806,0.20960856629623648,0.16264601154021377
2022/23,2023-04-16,2022/23|2023-04-16|Werder Bremen|Freiburg,current_only,2,0.36012770817455403,0.29285267657119957,0.3470196152542468,0.27803767452888456
2022/23,2023-04-16,2022/23|2023-04-16|Wolfsburg|Leverkusen,current_only,1,0.36269755406475596,0.2569289612075762,0.3803734847276679,0.13811675180421296
2022/23,2023-04-21,2022/23|2023-04-21|Augsburg|Stuttgart,current_only,1,0.2917424772575876,0.2461553811403915,0.46210214160202084,0.1493260311547841
2022/23,2023-04-22,2022/23|2023-04-22|Bochum|Wolfsburg,current_only,2,0.25689843934443307,0.23132299605614687,0.5117785645994196,0.152178489061104
2022/23,2023-04-22,2022/23|2023-04-22|Dortmund|Ein Frankfurt,current_only,0,0.549003098151803,0.23452824381407802,0.21646865803411905,0.12512844269388226
2022/23,2023-04-22,2022/23|2023-04-22|Hertha|Werder Bremen,current_only,2,0.5379589716862773,0.2634790474535702,0.19856198086015267,0.46585137687027967
2022/23,2023-04-22,2022/23|2023-04-22|Hoffenheim|FC Koln,current_only,2,0.36399698785699164,0.33895652596691717,0.29704648617609114,0.31331872488317164
2022/23,2023-04-22,2022/23|2023-04-22|Mainz|Bayern Munich,current_only,0,0.25568546278761994,0.2349296706043476,0.5093848666080326,0.4067385363174813
2022/23,2023-04-23,2022/23|2023-04-23|Freiburg|Schalke 04,current_only,0,0.4462901609330582,0.2920854603742397,0.261624378692702,0.18752095070294053
2022/23,2023-04-23,2022/23|2023-04-23|Leverkusen|RB Leipzig,current_only,0,0.3542272529424253,0.2698589625085984,0.37591378454897667,0.27916680712811026
2022/23,2023-04-23,2022/23|2023-04-23|M'gladbach|Union Berlin,current_only,2,0.48896061350085196,0.292254757961828,0.21878462853732006,0.4246899690823513
2022/23,2023-04-28,2022/23|2023-04-28|Bochum|Dortmund,current_only,1,0.19015391107970248,0.16451584583489168,0.645330243085406,0.2263048162697882
2022/23,2023-04-29,2022/23|2023-04-29|Ein Frankfurt|Augsburg,current_only,1,0.6357224067813807,0.21805355893695005,0.1462240342816692,0.21276222334275902
2022/23,2023-04-29,2022/23|2023-04-29|FC Koln|Freiburg,current_only,2,0.5886532833735012,0.24460046068655947,0.1667462559399395,0.5204122450082563
2022/23,2023-04-29,2022/23|2023-04-29|RB Leipzig|Hoffenheim,current_only,0,0.7168735290005546,0.17937155245841405,0.10375491854103155,0.04546284085102793
2022/23,2023-04-29,2022/23|2023-04-29|Schalke 04|Werder Bremen,current_only,0,0.3905983249440872,0.28513439733186685,0.32426727772404607,0.23825983448175797
2022/23,2023-04-29,2022/23|2023-04-29|Stuttgart|M'gladbach,current_only,0,0.5581711436196686,0.250152487450973,0.19167636892935813,0.11597628436814751
2022/23,2023-04-29,2022/23|2023-04-29|Union Berlin|Leverkusen,current_only,1,0.29347460129996056,0.3143863945914552,0.3921390041085846,0.11995017007572154
2022/23,2023-04-30,2022/23|2023-04-30|Bayern Munich|Hertha,current_only,0,0.8242236506767774,0.10221016560153007,0.07356618372169263,0.018154654184386703
2022/23,2023-04-30,2022/23|2023-04-30|Wolfsburg|Mainz,current_only,0,0.46753694981913657,0.24911213815640232,0.28335091202446144,0.18190231957650124
2022/23,2023-05-05,2022/23|2023-05-05|Leverkusen|FC Koln,current_only,2,0.5335863981539765,0.24922434779120986,0.21718925405481349,0.4487535541310964
2022/23,2023-05-05,2022/23|2023-05-05|Mainz|Schalke 04,current_only,2,0.5862145002995112,0.23158920121123702,0.18219629848925198,0.5062251672830433
2022/23,2023-05-06,2022/23|2023-05-06|Augsburg|Union Berlin,current_only,0,0.25925668433816895,0.34769824198745797,0.393045073674373,0.3515925448186883
2022/23,2023-05-06,2022/23|2023-05-06|Freiburg|RB Leipzig,current_only,2,0.18022929583187483,0.22399252673288916,0.5957781774352362,0.0979389404568165
2022/23,2023-05-06,2022/23|2023-05-06|Hertha|Stuttgart,current_only,0,0.36077845768373884,0.2992419170659441,0.3399796252503169,0.26209516287326284
2022/23,2023-05-06,2022/23|2023-05-06|Hoffenheim|Ein Frankfurt,current_only,0,0.40877097340064694,0.3179743077040805,0.2732547188952729,0.21210995164607646
2022/23,2023-05-06,2022/23|2023-05-06|M'gladbach|Bochum,current_only,0,0.5587104919921924,0.21711355541722596,0.22417595259058204,0.12249564379883382
2022/23,2023-05-06,2022/23|2023-05-06|Werder Bremen|Bayern Munich,current_only,2,0.14105541444351397,0.16435303173965868,0.6945915538168276,0.056585474471925676
2022/23,2023-05-07,2022/23|2023-05-07|Dortmund|Wolfsburg,current_only,0,0.6056560643863755,0.20920076774649946,0.18514316786712495,0.09489256608155841
2022/23,2023-05-12,2022/23|2023-05-12|FC Koln|Hertha,current_only,0,0.6384104052532465,0.21739590512929377,0.1441936896174599,0.07576942757730884
2022/23,2023-05-13,2022/23|2023-05-13|Bayern Munich|Schalke 04,current_only,0,0.8216321563711392,0.10596391715335532,0.07240392647550567,0.01852870810494008
2022/23,2023-05-13,2022/23|2023-05-13|Bochum|Augsburg,current_only,0,0.46676302597867064,0.2550421491607407,0.2781948248605887,0.18086701552131879
2022/23,2023-05-13,2022/23|2023-05-13|Dortmund|M'gladbach,current_only,0,0.801745691644987,0.11485056701987102,0.08340374133514183,0.023130477425011925
2022/23,2023-05-13,2022/23|2023-05-13|Ein Frankfurt|Mainz,current_only,0,0.4704657791775524,0.27634859754783375,0.2531856232746139,0.1722547254274957
2022/23,2023-05-13,2022/23|2023-05-13|Union Berlin|Freiburg,current_only,0,0.4033878497558141,0.331861173127929,0.26475097711625684,0.2130195688515019
2022/23,2023-05-13,2022/23|2023-05-13|Wolfsburg|Hoffenheim,current_only,0,0.46306219468723125,0.27777458904962027,0.2591632162631487,0.17773388971897608
2022/23,2023-05-14,2022/23|2023-05-14|RB Leipzig|Werder Bremen,current_only,0,0.7783039557128442,0.1435489833196819,0.078147060967474,0.027628049595213325
2022/23,2023-05-14,2022/23|2023-05-14|Stuttgart|Leverkusen,current_only,1,0.33643656573065517,0.288913976866048,0.37464945740329675,0.12677588934661108
2022/23,2023-05-19,2022/23|2023-05-19|Freiburg|Wolfsburg,current_only,0,0.41545181780525,0.271015822943039,0.31353235925171136,0.2199995588025653
2022/23,2023-05-20,2022/23|2023-05-20|Bayern Munich|RB Leipzig,current_only,2,0.3947428743762524,0.3053810950011851,0.2998760306225624,0.3229977546838224
2022/23,2023-05-20,2022/23|2023-05-20|Hertha|Bochum,current_only,1,0.40490004356781606,0.2502623179401332,0.3448376384920509,0.1414285211009968
2022/23,2023-05-20,2022/23|2023-05-20|Hoffenheim|Union Berlin,current_only,0,0.43652536742477016,0.32077538712877796,0.24269924544645205,0.18820329264803362
2022/23,2023-05-20,2022/23|2023-05-20|Schalke 04|Ein Frankfurt,current_only,1,0.27410933295122875,0.2676128148941229,0.45827785215464867,0.14257725809322264
2022/23,2023-05-20,2022/23|2023-05-20|Werder Bremen|FC Koln,current_only,1,0.27126002236451746,0.2618501117908685,0.46688986584461395,0.14578407328080012
2022/23,2023-05-21,2022/23|2023-05-21|Augsburg|Dortmund,current_only,2,0.13228401671692996,0.14250888433054862,0.7252070989525217,0.04650509977242717
2022/23,2023-05-21,2022/23|2023-05-21|Leverkusen|M'gladbach,current_only,1,0.6650001242414593,0.1961804402366541,0.1388194355218867,0.23074800045988572
2022/23,2023-05-21,2022/23|2023-05-21|Mainz|Stuttgart,current_only,2,0.4611022565000652,0.2645991778585363,0.2742985656413982,0.3696289313897917
2022/23,2023-05-27,2022/23|2023-05-27|Bochum|Leverkusen,current_only,0,0.2673630827959223,0.2235698843245494,0.5090670328795284,0.3979530482075306
2022/23,2023-05-27,2022/23|2023-05-27|Dortmund|Mainz,current_only,1,0.7569624799408688,0.13676635710512056,0.10627116295401079,0.2921428780569141
2022/23,2023-05-27,2022/23|2023-05-27|Ein Frankfurt|Freiburg,current_only,0,0.4954094520588305,0.3011695548060584,0.20342099313511117,0.14799586075982224
2022/23,2023-05-27,2022/23|2023-05-27|FC Koln|Bayern Munich,current_only,2,0.24604968203771413,0.23423266014349864,0.5197176578187872,0.1456057871209659
2022/23,2023-05-27,2022/23|2023-05-27|M'gladbach|Augsburg,current_only,0,0.6081232060565874,0.22566047942006207,0.16621631452335053,0.0905976424225466
2022/23,2023-05-27,2022/23|2023-05-27|RB Leipzig|Schalke 04,current_only,0,0.8531323773707746,0.0845098732083069,0.06235774942091854,0.012729293744801303
2022/23,2023-05-27,2022/23|2023-05-27|Stuttgart|Hoffenheim,current_only,1,0.4260270508771396,0.3154119426331149,0.25856100648974567,0.12417642107803153
2022/23,2023-05-27,2022/23|2023-05-27|Union Berlin|Werder Bremen,current_only,0,0.40880428790441475,0.340707128267977,0.2504885838276083,0.20612845031408347
2022/23,2023-05-27,2022/23|2023-05-27|Wolfsburg|Hertha,current_only,2,0.5450693790472592,0.23876220474925108,0.21616841620348978,0.4557462898659551
2022/23,2023-03-12,2022/23|2023-03-12|Freiburg|Hoffenheim,historical,0,0.5532865220342682,0.2301570131940012,0.21655646477173093,0.12322481691533507
2022/23,2023-03-12,2022/23|2023-03-12|Werder Bremen|Leverkusen,historical,2,0.22389943391926376,0.2536226352776386,0.5224779308030977,0.139079141539729
2022/23,2023-03-12,2022/23|2023-03-12|Wolfsburg|Union Berlin,historical,1,0.47296245216488675,0.30315331798111333,0.22388422985399936,0.13690881476757072
2022/23,2023-03-17,2022/23|2023-03-17|M'gladbach|Werder Bremen,historical,1,0.631644898421163,0.22403119636868282,0.14432390521015442,0.20990233365829544
2022/23,2023-03-18,2022/23|2023-03-18|Augsburg|Schalke 04,historical,1,0.4980848215021433,0.26367080756794176,0.23824437092991474,0.1524244348453064
2022/23,2023-03-18,2022/23|2023-03-18|Bochum|RB Leipzig,historical,0,0.15201116591263253,0.19763773393948592,0.6503511001478816,0.5710208081002064
2022/23,2023-03-18,2022/23|2023-03-18|Dortmund|FC Koln,historical,0,0.550130692542646,0.2500926007849964,0.19977670667235745,0.12114656316050623
2022/23,2023-03-18,2022/23|2023-03-18|Hoffenheim|Hertha,historical,0,0.46186461430322184,0.28043093525491763,0.25770445044186074,0.17800063855828074
2022/23,2023-03-18,2022/23|2023-03-18|Stuttgart|Wolfsburg,historical,2,0.4158781932922207,0.2849126091782918,0.29920919752948766,0.3320312102416333
2022/23,2023-03-19,2022/23|2023-03-19|Leverkusen|Bayern Munich,historical,0,0.29709001084884207,0.23743499914580105,0.46547499000535664,0.35537470958448397
2022/23,2023-03-19,2022/23|2023-03-19|Mainz|Freiburg,historical,1,0.5470111443903289,0.2517689067989012,0.20121994881076985,0.1698553299433131
2022/23,2023-03-19,2022/23|2023-03-19|Union Berlin|Ein Frankfurt,historical,0,0.3356047520677518,0.3534636108504082,0.3109316370818399,0.26904976420667326
2022/23,2023-03-31,2022/23|2023-03-31|Ein Frankfurt|Bochum,historical,1,0.6329471881691203,0.2258118758416744,0.14124093598920545,0.21028557250515129
2022/23,2023-04-01,2022/23|2023-04-01|Bayern Munich|Dortmund,historical,0,0.6663065468534956,0.18313661744655776,0.15055683569994668,0.06700934072440956
2022/23,2023-04-01,2022/23|2023-04-01|Freiburg|Hertha,historical,1,0.5251512641474898,0.2614864285767134,0.21336230727579691,0.1606536622008791
2022/23,2023-04-01,2022/23|2023-04-01|RB Leipzig|Mainz,historical,2,0.7149196646058398,0.16911919790554583,0.1159611374886145,0.6463174186352756
2022/23,2023-04-01,2022/23|2023-04-01|Schalke 04|Leverkusen,historical,2,0.3190509360203893,0.28932985340979483,0.39161921056981586,0.2359603423615903
2022/23,2023-04-01,2022/23|2023-04-01|Union Berlin|Stuttgart,historical,0,0.4263250746045103,0.33360289474347593,0.24007203065201382,0.19336874996445105
2022/23,2023-04-01,2022/23|2023-04-01|Wolfsburg|Augsburg,historical,1,0.5756964083556642,0.24255310520404494,0.1817504864402908,0.182229796957447
2022/23,2023-04-02,2022/23|2023-04-02|FC Koln|M'gladbach,historical,1,0.5343022257999923,0.24860433119446507,0.21709344300554298,0.16630421574541338
2022/23,2023-04-02,2022/23|2023-04-02|Werder Bremen|Hoffenheim,historical,2,0.31915106329927506,0.26952586160712305,0.41132307509360183,0.22419896156115549
2022/23,2023-04-08,2022/23|2023-04-08|Augsburg|FC Koln,historical,2,0.2098563270534764,0.2744757444312803,0.5156679285152431,0.13930861673654557
2022/23,2023-04-08,2022/23|2023-04-08|Dortmund|Union Berlin,historical,0,0.657201210317969,0.21271096447412596,0.13008782520790502,0.0672169262373939
2022/23,2023-04-08,2022/23|2023-04-08|Freiburg|Bayern Munich,historical,2,0.16425915659325604,0.18354625750054948,0.6521945859061945,0.07397483829884566
2022/23,2023-04-08,2022/23|2023-04-08|Hertha|RB Leipzig,historical,2,0.18702636912391069,0.23151404822393803,0.5814595826521514,0.10507747185069234
2022/23,2023-04-08,2022/23|2023-04-08|Leverkusen|Ein Frankfurt,historical,0,0.5266180940632134,0.24366384895367746,0.22971805698310951,0.13843040728621986
2022/23,2023-04-08,2022/23|2023-04-08|Mainz|Werder Bremen,historical,1,0.6653173636829941,0.20010934913337103,0.1345732871836351,0.23037858202074926
2022/23,2023-04-09,2022/23|2023-04-09|Bochum|Stuttgart,historical,2,0.2815549330144008,0.2855615956131182,0.4328834713724806,0.20044716867363568
2022/23,2023-04-09,2022/23|2023-04-09|Hoffenheim|Schalke 04,historical,0,0.49763882866511977,0.2886467250697348,0.21371444626514516,0.1490203055036853
2022/23,2023-04-09,2022/23|2023-04-09|M'gladbach|Wolfsburg,historical,0,0.34589291058670313,0.2673258765982368,0.3867812128150598,0.28872789550371175
2022/23,2023-04-14,2022/23|2023-04-14|Schalke 04|Hertha,historical,0,0.3960564237582699,0.2994892632405188,0.30445431300121095,0.22872013599434504
2022/23,2023-04-15,2022/23|2023-04-15|Bayern Munich|Hoffenheim,historical,1,0.7147351425927749,0.16855095001099302,0.1167139073962321,0.26223423011840524
2022/23,2023-04-15,2022/23|2023-04-15|Ein Frankfurt|M'gladbach,historical,1,0.4893669772008427,0.277135928167822,0.23349709463133536,0.14700046578798243
2022/23,2023-04-15,2022/23|2023-04-15|FC Koln|Mainz,historical,1,0.5001152499562277,0.2758654628236156,0.22401928722015663,0.15014995214270357
2022/23,2023-04-15,2022/23|2023-04-15|RB Leipzig|Augsburg,historical,0,0.8731621552535525,0.06758647880995222,0.05925136593649528,0.009799281612632202
2022/23,2023-04-15,2022/23|2023-04-15|Stuttgart|Dortmund,historical,1,0.3025393549123997,0.2330719254664144,0.4643887196211863,0.15359347209110766
2022/23,2023-04-16,2022/23|2023-04-16|Union Berlin|Bochum,historical,1,0.48073460217010716,0.2801692958750659,0.23909610195482695,0.1441363518468221
2022/23,2023-04-16,2022/23|2023-04-16|Werder Bremen|Freiburg,historical,2,0.3486545835354879,0.29216144881920436,0.3591839676453077,0.2661026029715573
2022/23,2023-04-16,2022/23|2023-04-16|Wolfsburg|Leverkusen,historical,1,0.3516863318920033,0.25850081255439805,0.3898128555535988,0.13781866919725155
2022/23,2023-04-21,2022/23|2023-04-21|Augsburg|Stuttgart,historical,1,0.24166881325904327,0.2283192606910337,0.5300119260499229,0.16965822852859166
2022/23,2023-04-22,2022/23|2023-04-22|Bochum|Wolfsburg,historical,2,0.2670740417859682,0.2451682733637073,0.48775768485032417,0.1668603666128963
2022/23,2023-04-22,2022/23|2023-04-22|Dortmund|Ein Frankfurt,historical,0,0.6065400579171744,0.21249243106295188,0.18096751101987374,0.09377998303427432
2022/23,2023-04-22,2022/23|2023-04-22|Hertha|Werder Bremen,historical,2,0.5240782426993561,0.2703799237244593,0.20554183357618472,0.452910891334168
2022/23,2023-04-22,2022/23|2023-04-22|Hoffenheim|FC Koln,historical,2,0.3550902441883748,0.3420284952900375,0.3028812605215882,0.30603180922486506
2022/23,2023-04-22,2022/23|2023-04-22|Mainz|Bayern Munich,historical,0,0.267940720084641,0.23521569835809594,0.49684358155726305,0.39138216692242134
2022/23,2023-04-23,2022/23|2023-04-23|Freiburg|Schalke 04,historical,0,0.47857546369395665,0.2749528267733021,0.2464717095327409,0.16631592533098216
2022/23,2023-04-23,2022/23|2023-04-23|Leverkusen|RB Leipzig,historical,0,0.33273025594036176,0.2670650807859051,0.4002046632737332,0.3027063419217286
2022/23,2023-04-23,2022/23|2023-04-23|M'gladbach|Union Berlin,historical,2,0.5029037750313049,0.2843253493412585,0.2127708756274365,0.43632095060056514
2022/23,2023-04-28,2022/23|2023-04-28|Bochum|Dortmund,historical,1,0.21073200130783054,0.17807432611958898,0.6111936725725806,0.2089828408839811
2022/23,2023-04-29,2022/23|2023-04-29|Ein Frankfurt|Augsburg,historical,1,0.6504932274724711,0.2100891613511064,0.1394176111764225,0.22128935464684604
2022/23,2023-04-29,2022/23|2023-04-29|FC Koln|Freiburg,historical,2,0.5816945611739844,0.24800626979031024,0.1702991690357054,0.5133860157011177
2022/23,2023-04-29,2022/23|2023-04-29|RB Leipzig|Hoffenheim,historical,0,0.7290610597770913,0.16868673634846815,0.10225220387444062,0.0419317112631465
2022/23,2023-04-29,2022/23|2023-04-29|Schalke 04|Werder Bremen,historical,0,0.34623032192550407,0.28191471973832627,0.3718549583361692,0.2828454510044123
2022/23,2023-04-29,2022/23|2023-04-29|Stuttgart|M'gladbach,historical,0,0.5723799473228166,0.23998731375753754,0.18763273891964574,0.10903247708306255
2022/23,2023-04-29,2022/23|2023-04-29|Union Berlin|Leverkusen,historical,1,0.28356524439820896,0.325114207979858,0.39132054762193313,0.11677050941087276
2022/23,2023-04-30,2022/23|2023-04-30|Bayern Munich|Hertha,historical,0,0.8252260234155089,0.10136200639150719,0.07341197019298391,0.017967630129385907
2022/23,2023-04-30,2022/23|2023-04-30|Wolfsburg|Mainz,historical,0,0.48989481226464504,0.24170697692569956,0.2683982108096553,0.16612245106017298
2022/23,2023-05-05,2022/23|2023-05-05|Leverkusen|FC Koln,historical,2,0.5095832328229156,0.25995482190798913,0.23046194526909541,0.4259319444266394
2022/23,2023-05-05,2022/23|2023-05-05|Mainz|Schalke 04,historical,2,0.5986270191044454,0.23168661974720337,0.16968636114835153,0.5238875234324701
2022/23,2023-05-06,2022/23|2023-05-06|Augsburg|Union Berlin,historical,0,0.254998452877959,0.3457724827604657,0.39922906436157535,0.3572055755226268
2022/23,2023-05-06,2022/23|2023-05-06|Freiburg|RB Leipzig,historical,2,0.1752092077750131,0.22321608875978372,0.6015747034652031,0.09472049170399423
2022/23,2023-05-06,2022/23|2023-05-06|Hertha|Stuttgart,historical,0,0.3334839659309559,0.30377337936327997,0.3627426547057644,0.2879129286070562
2022/23,2023-05-06,2022/23|2023-05-06|Hoffenheim|Ein Frankfurt,historical,0,0.3832411022621737,0.3231395969103523,0.2936193008274742,0.2333019158785965
2022/23,2023-05-06,2022/23|2023-05-06|M'gladbach|Bochum,historical,0,0.5199279003866342,0.22751997465428733,0.25255212495907886,0.14712589832426573
2022/23,2023-05-06,2022/23|2023-05-06|Werder Bremen|Bayern Munich,historical,2,0.12618448775244145,0.1385158367731235,0.7352996754744346,0.04299439337664272
2022/23,2023-05-07,2022/23|2023-05-07|Dortmund|Wolfsburg,historical,0,0.6077603176244722,0.1998661887494261,0.19237349362610187,0.09542976473998334
2022/23,2023-05-12,2022/23|2023-05-12|FC Koln|Hertha,historical,0,0.6671413459817896,0.19913095843484155,0.13372769558336878,0.06433899006042641
2022/23,2023-05-13,2022/23|2023-05-13|Bayern Munich|Schalke 04,historical,0,0.8376279797524505,0.09487562659335523,0.06749639365419405,0.015460218057796286
2022/23,2023-05-13,2022/23|2023-05-13|Bochum|Augsburg,historical,0,0.4504230427363834,0.2576936293105365,0.2918833279530802,0.19361535454605022
2022/23,2023-05-13,2022/23|2023-05-13|Dortmund|M'gladbach,historical,0,0.8087460807411436,0.11118584073787537,0.08006807852098083,0.021494479414957565
2022/23,2023-05-13,2022/23|2023-05-13|Ein Frankfurt|Mainz,historical,0,0.47272676022820725,0.2764017273101767,0.25087151246161626,0.17047679257211062
2022/23,2023-05-13,2022/23|2023-05-13|Union Berlin|Freiburg,historical,0,0.4272628489886814,0.3264626586560993,0.2462744923552191,0.19433948486669148
2022/23,2023-05-13,2022/23|2023-05-13|Wolfsburg|Hoffenheim,historical,0,0.501077616095942,0.265193230355965,0.23372915354809265,0.15177643118940812
2022/23,2023-05-14,2022/23|2023-05-14|RB Leipzig|Werder Bremen,historical,0,0.7981021055750075,0.12925985957987035,0.07263803484512221,0.023019521939703295
2022/23,2023-05-14,2022/23|2023-05-14|Stuttgart|Leverkusen,historical,1,0.32970781625228957,0.2866822201409959,0.38360996360671434,0.12793192413809917
2022/23,2023-05-19,2022/23|2023-05-19|Freiburg|Wolfsburg,historical,0,0.4089192069681688,0.2735161728521296,0.31756462017970155,0.22511189594050823
2022/23,2023-05-20,2022/23|2023-05-20|Bayern Munich|RB Leipzig,historical,2,0.4672876232499886,0.293081902318958,0.23963047443105326,0.3982597691282842
2022/23,2023-05-20,2022/23|2023-05-20|Hertha|Bochum,historical,1,0.43982698752622473,0.24477711948486483,0.31539589298891063,0.14646117413533305
2022/23,2023-05-20,2022/23|2023-05-20|Hoffenheim|Union Berlin,historical,0,0.41617374924183104,0.32878738494631893,0.25503886581185053,0.2029489570744676
2022/23,2023-05-20,2022/23|2023-05-20|Schalke 04|Ein Frankfurt,historical,1,0.2793776905125788,0.2749407975225848,0.4456815119648363,0.1383419520317024
2022/23,2023-05-20,2022/23|2023-05-20|Werder Bremen|FC Koln,historical,1,0.28032954150198197,0.2599841267767999,0.4596863317212179,0.1449480877050106
2022/23,2023-05-21,2022/23|2023-05-21|Augsburg|Dortmund,historical,2,0.14519582589876598,0.15821839870486765,0.6965857753963662,0.056571009775124505
2022/23,2023-05-21,2022/23|2023-05-21|Leverkusen|M'gladbach,historical,1,0.6621348180874495,0.1982200072970905,0.13964517461546,0.22896164605854108
2022/23,2023-05-21,2022/23|2023-05-21|Mainz|Stuttgart,historical,2,0.4514543235909531,0.2553395734592751,0.293206102949772,0.3516843095982068
2022/23,2023-05-27,2022/23|2023-05-27|Bochum|Leverkusen,historical,0,0.25315872808561757,0.21496281454090393,0.5318784573734784,0.42033328942634185
2022/23,2023-05-27,2022/23|2023-05-27|Dortmund|Mainz,historical,1,0.7616791811814585,0.13310251346381569,0.10521830535472619,0.29561303341348866
2022/23,2023-05-27,2022/23|2023-05-27|Ein Frankfurt|Freiburg,historical,0,0.4812705004648098,0.30810044671041925,0.21062905282477104,0.15672244579094452
2022/23,2023-05-27,2022/23|2023-05-27|FC Koln|Bayern Munich,historical,2,0.27943094805618957,0.2580490552347499,0.46251999670906024,0.1834832043346046
2022/23,2023-05-27,2022/23|2023-05-27|M'gladbach|Augsburg,historical,0,0.5685857433292572,0.238952445102622,0.19246181156812067,0.11157990488542621
2022/23,2023-05-27,2022/23|2023-05-27|RB Leipzig|Schalke 04,historical,0,0.8525761375468957,0.08450398419340249,0.06291987825970202,0.012846353150403762
2022/23,2023-05-27,2022/23|2023-05-27|Stuttgart|Hoffenheim,historical,1,0.4370114783034641,0.3133036518460709,0.24968486985046495,0.12666078320061136
2022/23,2023-05-27,2022/23|2023-05-27|Union Berlin|Werder Bremen,historical,0,0.37640348447567296,0.33496625348599823,0.2886302620383291,0.23609002116919828
2022/23,2023-05-27,2022/23|2023-05-27|Wolfsburg|Hertha,historical,2,0.5404434685822392,0.24646443138616808,0.2130921000315929,0.45565159288294543
2023/24,2024-03-03,2023/24|2024-03-03|FC Koln|Leverkusen,current_only,2,0.14696552970457033,0.1797289038933407,0.6733055664020888,0.06416405993260244
2023/24,2024-03-03,2023/24|2024-03-03|Hoffenheim|Werder Bremen,current_only,0,0.5335665303205981,0.23646424103383282,0.22996922864556904,0.13522301388050179
2023/24,2024-03-08,2023/24|2024-03-08|Stuttgart|Union Berlin,current_only,0,0.6629369519255658,0.19659076068729328,0.1404722873871411,0.06667198095050193
2023/24,2024-03-09,2023/24|2024-03-09|Augsburg|Heidenheim,current_only,0,0.5652311300046626,0.21830373289702118,0.21646513709831647,0.11794056294800769
2023/24,2024-03-09,2023/24|2024-03-09|Bayern Munich|Mainz,current_only,0,0.6340581583029837,0.2243136848783679,0.14162815681864868,0.07698598315422589
2023/24,2024-03-09,2023/24|2024-03-09|M'gladbach|FC Koln,current_only,1,0.5692920267401955,0.22281943908627444,0.20788853417353018,0.18365552717538922
2023/24,2024-03-09,2023/24|2024-03-09|RB Leipzig|Darmstadt,current_only,0,0.7937111386305006,0.12395539132351326,0.0823334700459865,0.024666947307468923
2023/24,2024-03-09,2023/24|2024-03-09|Werder Bremen|Dortmund,current_only,2,0.2570980846138304,0.23981587477924338,0.5030860406069261,0.15651145407590084
2023/24,2024-03-10,2023/24|2024-03-10|Bochum|Freiburg,current_only,2,0.4988730204169753,0.24703487302178434,0.25409210656124037,0.40262643799710196
2023/24,2024-03-10,2023/24|2024-03-10|Ein Frankfurt|Hoffenheim,current_only,0,0.44142651958401374,0.24452572149684526,0.31404775891914116,0.20531516395308158
2023/24,2024-03-10,2023/24|2024-03-10|Leverkusen|Wolfsburg,current_only,0,0.6829062674999892,0.2018532815575812,0.11524045094242938,0.05691439836210147
2023/24,2024-03-15,2023/24|2024-03-15|FC Koln|RB Leipzig,current_only,2,0.17534883803790746,0.17387742009470433,0.6507737418673883,0.07635309718527494
2023/24,2024-03-16,2023/24|2024-03-16|Darmstadt|Bayern Munich,current_only,2,0.12783954321732818,0.10989102542128083,0.762269431361391,0.03642938603762576
2023/24,2024-03-16,2023/24|2024-03-16|Heidenheim|M'gladbach,current_only,1,0.31703253657954666,0.2518795665270095,0.43108789689344373,0.14317320204903705
2023/24,2024-03-16,2023/24|2024-03-16|Hoffenheim|Stuttgart,current_only,2,0.27054462355116565,0.20924906003686236,0.5202063164119719,0.15169818607170532
2023/24,2024-03-16,2023/24|2024-03-16|Mainz|Bochum,current_only,0,0.5489137030500748,0.24981479720067645,0.20127149974924866,0.12199453195365395
2023/24,2024-03-16,2023/24|2024-03-16|Union Berlin|Werder Bremen,current_only,0,0.42069414439813596,0.3037946374127384,0.27551121818912583,0.20575085284133185
2023/24,2024-03-16,2023/24|2024-03-16|Wolfsburg|Augsburg,current_only,2,0.44009343101998344,0.29259560115103384,0.267310967828983,0.3652577229453215
2023/24,2024-03-17,2023/24|2024-03-17|Dortmund|Ein Frankfurt,current_only,0,0.5820174127453448,0.22626190922675898,0.1917206780278961,0.10573313081578584
2023/24,2024-03-17,2023/24|2024-03-17|Freiburg|Leverkusen,current_only,2,0.24643703277676474,0.25145781393647687,0.5021051532867584,0.15431524475370928
2023/24,2024-03-30,2023/24|2024-03-30|Bayern Munich|Dortmund,current_only,2,0.6819259714302233,0.1706027197639242,0.14747130880585257,0.5959140999101299
2023/24,2024-03-30,2023/24|2024-03-30|Ein Frankfurt|Union Berlin,current_only,1,0.491362837437323,0.2674622483563864,0.24117491420629067,0.1498013886284344
2023/24,2024-03-30,2023/24|2024-03-30|Leverkusen|Hoffenheim,current_only,0,0.774795275243627,0.13168129478572446,0.0935234299706486,0.02973190000303426
2023/24,2024-03-30,2023/24|2024-03-30|M'gladbach|Freiburg,current_only,2,0.45966657749558465,0.24544533254323603,0.29488808996117966,0.35423808407254914
2023/24,2024-03-30,2023/24|2024-03-30|RB Leipzig|Mainz,current_only,1,0.6068808759009482,0.2194673813985947,0.1736517427004573,0.19922966263860392
2023/24,2024-03-30,2023/24|2024-03-30|Werder Bremen|Wolfsburg,current_only,2,0.34713799364654707,0.31629946389967883,0.3365625424537743,0.2803270233541752
2023/24,2024-03-31,2023/24|2024-03-31|Augsburg|FC Koln,current_only,1,0.6090438795048393,0.215645725792453,0.17531039470270782,0.2008340908265622
2023/24,2024-03-31,2023/24|2024-03-31|Bochum|Darmstadt,current_only,1,0.6516737519662398,0.18990773510419207,0.15841851292956813,0.22488755212028597
2023/24,2024-03-31,2023/24|2024-03-31|Stuttgart|Heidenheim,current_only,1,0.7375506539693825,0.16138894420974123,0.10106040182087644,0.27709708599343036
2023/24,2024-04-05,2023/24|2024-04-05|Ein Frankfurt|Werder Bremen,current_only,1,0.6134203188424658,0.2190485478752097,0.16753113328232452,0.20217558409382622
2023/24,2024-04-06,2023/24|2024-04-06|Dortmund|Stuttgart,current_only,2,0.40216244083520253,0.2449220998157999,0.35291545934899754,0.29022651578402325
2023/24,2024-04-06,2023/24|2024-04-06|FC Koln|Bochum,current_only,0,0.4040657260307471,0.2534220429275061,0.34251223104174705,0.23622614365222777
2023/24,2024-04-06,2023/24|2024-04-06|Freiburg|RB Leipzig,current_only,2,0.28284848645669697,0.2313939546615299,0.485757558881773,0.17222427726903866
2023/24,2024-04-06,2023/24|2024-04-06|Heidenheim|Bayern Munich,current_only,0,0.19674900630643155,0.19504151820630247,0.608209475487266,0.5075654624711002
2023/24,2024-04-06,2023/24|2024-04-06|Mainz|Darmstadt,current_only,0,0.6814706709432703,0.19176272264877203,0.12676660640795773,0.058765352984760225
2023/24,2024-04-06,2023/24|2024-04-06|Union Berlin|Leverkusen,current_only,2,0.21292338817004136,0.23832907121978422,0.5487475406101743,0.12448257566758816
2023/24,2024-04-07,2023/24|2024-04-07|Hoffenheim|Augsburg,current_only,0,0.44753940432048883,0.24043228549467321,0.31202831018483795,0.20128718806768292
2023/24,2024-04-07,2023/24|2024-04-07|Wolfsburg|M'gladbach,current_only,2,0.5087018739996163,0.25970836670699793,0.23158975929338543,0.42461594731675917
2023/24,2024-04-12,2023/24|2024-04-12|Augsburg|Union Berlin,current_only,0,0.4434990277664213,0.26598811727019955,0.29051285496337925,0.19704552549794588
2023/24,2024-04-13,2023/24|2024-04-13|Bayern Munich|FC Koln,current_only,0,0.856766265667437,0.07779220437036394,0.0654415299621989,0.012399248247322324
2023/24,2024-04-13,2023/24|2024-04-13|Bochum|Heidenheim,current_only,1,0.395376210923441,0.27979466747008114,0.32482912160647764,0.13091815320390662
2023/24,2024-04-13,2023/24|2024-04-13|M'gladbach|Dortmund,current_only,2,0.3380363464823059,0.23732953235717827,0.4246341211605159,0.2226572330379188
2023/24,2024-04-13,2023/24|2024-04-13|Mainz|Hoffenheim,current_only,0,0.5332524656530466,0.2373599958816469,0.22938753846530655,0.13523595181106643
2023/24,2024-04-13,2023/24|2024-04-13|RB Leipzig|Wolfsburg,current_only,0,0.652284221947646,0.2075514898305039,0.1401642882218503,0.07027614499964588
2023/24,2024-04-13,2023/24|2024-04-13|Stuttgart|Ein Frankfurt,current_only,0,0.7180654545525508,0.16858203680647293,0.11335250864097657,0.04616793956593122
2023/24,2024-04-14,2023/24|2024-04-14|Darmstadt|Freiburg,current_only,2,0.24140806537901185,0.2090765867569279,0.5495153478640603,0.13060713792003795
2023/24,2024-04-14,2023/24|2024-04-14|Leverkusen|Werder Bremen,current_only,0,0.773762103918943,0.1446353654918741,0.08160253058918264,0.028921279310870858
2023/24,2024-04-19,2023/24|2024-04-19|Ein Frankfurt|Augsburg,current_only,0,0.48765196420119267,0.2346317706693219,0.27771626512948544,0.1698134168521833
2023/24,2024-04-20,2023/24|2024-04-20|FC Koln|Darmstadt,current_only,2,0.5485538139445095,0.24658441754405397,0.20486176851143642,0.46657804698391403
2023/24,2024-04-20,2023/24|2024-04-20|Heidenheim|RB Leipzig,current_only,2,0.27773606136078477,0.2541861438687702,0.4680777947704451,0.18003927609823717
2023/24,2024-04-20,2023/24|2024-04-20|Hoffenheim|M'gladbach,current_only,0,0.3975586462787259,0.23623710539698442,0.3662042483242897,0.24852056808213963
2023/24,2024-04-20,2023/24|2024-04-20|Union Berlin|Bayern Munich,current_only,2,0.20556341504157924,0.19613015095747513,0.5983064340009455,0.10180701928429661
2023/24,2024-04-20,2023/24|2024-04-20|Wolfsburg|Bochum,current_only,0,0.5177653462845226,0.27516435692327923,0.20707029679219824,0.1377141845288477
2023/24,2024-04-21,2023/24|2024-04-21|Dortmund|Leverkusen,current_only,1,0.3215443257243519,0.2645810214234972,0.4138746528521507,0.13734149083950825
2023/24,2024-04-21,2023/24|2024-04-21|Freiburg|Mainz,current_only,1,0.4196520908558451,0.25831493241203274,0.32203297673212233,0.139906557731317
2023/24,2024-04-21,2023/24|2024-04-21|Werder Bremen|Stuttgart,current_only,0,0.25033106753251866,0.22667351108988498,0.5229954213775962,0.41776385954443135
2023/24,2024-04-26,2023/24|2024-04-26|Bochum|Hoffenheim,current_only,0,0.47725861308298584,0.23376428012808267,0.2889771067889313,0.17838316292201248
2023/24,2024-04-27,2023/24|2024-04-27|Augsburg|Werder Bremen,current_only,2,0.5054952739485911,0.23842740221719286,0.25607732383421633,0.40447321004901143
2023/24,2024-04-27,2023/24|2024-04-27|Bayern Munich|Ein Frankfurt,current_only,0,0.7493079510510198,0.14331446948983978,0.10737757945914046,0.03718822398837097
2023/24,2024-04-27,2023/24|2024-04-27|Freiburg|Wolfsburg,current_only,2,0.409240545756597,0.28532979567151284,0.30542965857189003,0.3249528917413593
2023/24,2024-04-27,2023/24|2024-04-27|Leverkusen|Stuttgart,current_only,1,0.6324122926173218,0.2186649453984936,0.14892276198418478,0.21106164844524755
2023/24,2024-04-27,2023/24|2024-04-27|RB Leipzig|Dortmund,current_only,0,0.5486768362510466,0.22158530707309548,0.2297378566758579,0.12823604046319081
2023/24,2024-04-28,2023/24|2024-04-28|Darmstadt|Heidenheim,current_only,2,0.2702468906384816,0.25752710994946665,0.47222599941205223,0.17578938879818756
2023/24,2024-04-28,2023/24|2024-04-28|M'gladbach|Union Berlin,current_only,1,0.4939972710720306,0.2679333379958159,0.2380693909321538,0.1503551693627099
2023/24,2024-04-28,2023/24|2024-04-28|Mainz|FC Koln,current_only,1,0.6939229226255865,0.1848071059559257,0.12126997141848785,0.24811771425653828
2023/24,2024-05-03,2023/24|2024-05-03|Hoffenheim|RB Leipzig,current_only,1,0.24552800402077482,0.20625034915215948,0.5482216468270655,0.18041548740410282
2023/24,2024-05-04,2023/24|2024-05-04|Dortmund|Augsburg,current_only,0,0.6567660569066381,0.18613937293856328,0.15709457015479858,0.07124412183176905
2023/24,2024-05-04,2023/24|2024-05-04|FC Koln|Freiburg,current_only,1,0.3205728028322097,0.24075390850851008,0.4386732886592802,0.1476005880494235
2023/24,2024-05-04,2023/24|2024-05-04|Stuttgart|Bayern Munich,current_only,0,0.4809578898225254,0.2321811815102745,0.28686092866720025,0.1758469522666471
2023/24,2024-05-04,2023/24|2024-05-04|Werder Bremen|M'gladbach,current_only,1,0.44076443652665437,0.2436572547057614,0.3155783087675842,0.14693147873563392
2023/24,2024-05-04,2023/24|2024-05-04|Wolfsburg|Darmstadt,current_only,0,0.5792537456609569,0.25096507672043866,0.16978117761860406,0.10292652940694744
2023/24,2024-05-05,2023/24|2024-05-05|Ein Frankfurt|Leverkusen,current_only,2,0.2272896729106192,0.25696130675978984,0.5157490203295912,0.14307980336178358
2023/24,2024-05-05,2023/24|2024-05-05|Heidenheim|Mainz,current_only,1,0.41496165795722495,0.28325335895245846,0.3017849830903165,0.13163367679671578
2023/24,2024-05-05,2023/24|2024-05-05|Union Berlin|Bochum,current_only,2,0.36120467050368904,0.26937455570503294,0.3694207737912781,0.26404948725983457
2023/24,2024-05-10,2023/24|2024-05-10|Augsburg|Stuttgart,current_only,2,0.22397961433608538,0.19636667695536003,0.5796537087085543,0.1134289361203071
2023/24,2024-05-11,2023/24|2024-05-11|FC Koln|Union Berlin,current_only,0,0.3823466861418769,0.2752030460714213,0.34245026778670196,0.24938390101355243
2023/24,2024-05-11,2023/24|2024-05-11|Freiburg|Heidenheim,current_only,1,0.4251017328919038,0.27306168013743376,0.3018365869706626,0.1359084042708989
2023/24,2024-05-11,2023/24|2024-05-11|M'gladbach|Ein Frankfurt,current_only,1,0.44443327699855706,0.24335156081273804,0.31221516218870504,0.14749962260209773
2023/24,2024-05-11,2023/24|2024-05-11|Mainz|Dortmund,current_only,0,0.3914331877262858,0.25612359761117875,0.35244321466253575,0.24728489228132605
2023/24,2024-05-11,2023/24|2024-05-11|RB Leipzig|Werder Bremen,current_only,1,0.7512559507592989,0.14466428411865784,0.10407976512204341,0.2876090505295589
2023/24,2024-05-12,2023/24|2024-05-12|Bayern Munich|Wolfsburg,current_only,0,0.7087435739061693,0.1715755216610927,0.11968090443273813,0.04957691231339463
2023/24,2024-05-12,2023/24|2024-05-12|Bochum|Leverkusen,current_only,2,0.16194991583147422,0.1714681392413727,0.666581944927153,0.06869768734319079
2023/24,2024-05-12,2023/24|2024-05-12|Darmstadt|Hoffenheim,current_only,2,0.27482450608082953,0.23123457804438663,0.4939409158747838,0.16581215288411227
2023/24,2024-05-18,2023/24|2024-05-18|Dortmund|Darmstadt,current_only,0,0.7895529089601209,0.1208595094269679,0.0895875816129112,0.026156956453198606
2023/24,2024-05-18,2023/24|2024-05-18|Ein Frankfurt|RB Leipzig,current_only,1,0.38201185949694233,0.28240012241415957,0.33558801808889827,0.1292761893405731
2023/24,2024-05-18,2023/24|2024-05-18|Heidenheim|FC Koln,current_only,0,0.5274112346654429,0.25005310790383517,0.2225356574307219,0.13643112997428233
2023/24,2024-05-18,2023/24|2024-05-18|Hoffenheim|Bayern Munich,current_only,0,0.15851114432646135,0.14256276951001615,0.6989260861635226,0.5983005840713107
2023/24,2024-05-18,2023/24|2024-05-18|Leverkusen|Augsburg,current_only,0,0.8296164442169092,0.09865180205765235,0.07173175372543858,0.017088000286908295
2023/24,2024-05-18,2023/24|2024-05-18|Stuttgart|M'gladbach,current_only,0,0.7579912773145226,0.14402129724758614,0.097987425437891,0.03408487869990128
2023/24,2024-05-18,2023/24|2024-05-18|Union Berlin|Freiburg,current_only,0,0.3708009190684573,0.2771188470539914,0.35208023387755155,0.2599259872661846
2023/24,2024-05-18,2023/24|2024-05-18|Werder Bremen|Bochum,current_only,0,0.554551413440983,0.2219960843113402,0.22345250224767688,0.12417773201408701
2023/24,2024-05-18,2023/24|2024-05-18|Wolfsburg|Mainz,current_only,2,0.33985702402709894,0.30921640733065914,0.3509265686422422,0.2683995580375452
2023/24,2024-03-03,2023/24|2024-03-03|FC Koln|Leverkusen,historical,2,0.1456076637098327,0.17525357810641728,0.6791387581837501,0.062076764115450885
2023/24,2024-03-03,2023/24|2024-03-03|Hoffenheim|Werder Bremen,historical,0,0.4996941145915955,0.24910740194176503,0.2511984834666394,0.15670332853511354
2023/24,2024-03-08,2023/24|2024-03-08|Stuttgart|Union Berlin,historical,0,0.6011633770123559,0.22625534608373565,0.17258127690390856,0.09442747448698584
2023/24,2024-03-09,2023/24|2024-03-09|Augsburg|Heidenheim,historical,0,0.5318200009859037,0.2275139514777654,0.24066604753633114,0.13855632895679937
2023/24,2024-03-09,2023/24|2024-03-09|Bayern Munich|Mainz,historical,0,0.6868868224156163,0.1944799900239297,0.11863318756045405,0.05605684758387184
2023/24,2024-03-09,2023/24|2024-03-09|M'gladbach|FC Koln,historical,1,0.6289414523509105,0.20144701500006426,0.16961153264902512,0.21216771124641198
2023/24,2024-03-09,2023/24|2024-03-09|RB Leipzig|Darmstadt,historical,0,0.7954822199474676,0.12326472682685126,0.08125305322568137,0.024214790508055695
2023/24,2024-03-09,2023/24|2024-03-09|Werder Bremen|Dortmund,historical,2,0.25886108861668716,0.23705388865567342,0.5040850227276396,0.15647036394143113
2023/24,2024-03-10,2023/24|2024-03-10|Bochum|Freiburg,historical,2,0.442166226210783,0.25264607015607243,0.30518770363314474,0.33913754939203417
2023/24,2024-03-10,2023/24|2024-03-10|Ein Frankfurt|Hoffenheim,historical,0,0.46765129682206663,0.23707342656302796,0.2952752766149056,0.18529131537761814
2023/24,2024-03-10,2023/24|2024-03-10|Leverkusen|Wolfsburg,historical,0,0.6640796736939677,0.21428239051398276,0.12163793579204928,0.06381912652465098
2023/24,2024-03-15,2023/24|2024-03-15|FC Koln|RB Leipzig,historical,2,0.17961356236785023,0.19342722459485082,0.6269592130372992,0.08571023026211047
2023/24,2024-03-16,2023/24|2024-03-16|Darmstadt|Bayern Munich,historical,2,0.12612180304541926,0.11132139870147344,0.7625567982531074,0.03614299162962156
2023/24,2024-03-16,2023/24|2024-03-16|Heidenheim|M'gladbach,historical,1,0.3600257838755089,0.26870343251180906,0.371270783612682,0.13373027990977482
2023/24,2024-03-16,2023/24|2024-03-16|Hoffenheim|Stuttgart,historical,2,0.29543044846417077,0.21539836280146027,0.48917118873436843,0.17411261214939938
2023/24,2024-03-16,2023/24|2024-03-16|Mainz|Bochum,historical,0,0.5262727537279389,0.255866782486525,0.21786046378553614,0.13594034277067946
2023/24,2024-03-16,2023/24|2024-03-16|Union Berlin|Werder Bremen,historical,0,0.44621727876765804,0.2833096070425384,0.27047311418980385,0.18991550391751416
2023/24,2024-03-16,2023/24|2024-03-16|Wolfsburg|Augsburg,historical,2,0.4490931883036834,0.2973331360370853,0.2535736756592314,0.37941847472481904
2023/24,2024-03-17,2023/24|2024-03-17|Dortmund|Ein Frankfurt,historical,0,0.6112742356201382,0.20916614802605646,0.17955961635380546,0.0916746878589168
2023/24,2024-03-17,2023/24|2024-03-17|Freiburg|Leverkusen,historical,2,0.23565524235309865,0.2482147157584013,0.5161300418885002,0.14483176480566118
2023/24,2024-03-30,2023/24|2024-03-30|Bayern Munich|Dortmund,historical,2,0.7423848059500826,0.14250818235308993,0.11510701169682772,0.6670854004268303
2023/24,2024-03-30,2023/24|2024-03-30|Ein Frankfurt|Union Berlin,historical,1,0.4820509047406153,0.2657265220467104,0.2522225732126741,0.14799465059963435
2023/24,2024-03-30,2023/24|2024-03-30|Leverkusen|Hoffenheim,historical,0,0.7719586574594268,0.13660442908585507,0.09143691345471824,0.030181781524916323
2023/24,2024-03-30,2023/24|2024-03-30|M'gladbach|Freiburg,historical,2,0.489778106439354,0.23826436717278163,0.2719575263878645,0.38496421846529816
2023/24,2024-03-30,2023/24|2024-03-30|RB Leipzig|Mainz,historical,1,0.6026552800454072,0.2248095751907572,0.17253514476383552,0.19648088137264297
2023/24,2024-03-30,2023/24|2024-03-30|Werder Bremen|Wolfsburg,historical,2,0.33611498959477054,0.3194284485850079,0.34445656182022155,0.2713552427854289
2023/24,2024-03-31,2023/24|2024-03-31|Augsburg|FC Koln,historical,1,0.6576442018871809,0.19532136739830602,0.14703443071451294,0.22705751004568403
2023/24,2024-03-31,2023/24|2024-03-31|Bochum|Darmstadt,historical,1,0.6225430549194391,0.20529066505031796,0.1721662800302426,0.2086005416039399
2023/24,2024-03-31,2023/24|2024-03-31|Stuttgart|Heidenheim,historical,1,0.7368380903582787,0.16324955425880935,0.09991235538291163,0.2764564250804981
2023/24,2024-04-05,2023/24|2024-04-05|Ein Frankfurt|Werder Bremen,historical,1,0.5536459208645127,0.24266641378098824,0.20368766535449906,0.17400623535374032
2023/24,2024-04-06,2023/24|2024-04-06|Dortmund|Stuttgart,historical,2,0.400990247386025,0.23754575849506232,0.36146399411891267,0.2842607046526388
2023/24,2024-04-06,2023/24|2024-04-06|FC Koln|Bochum,historical,0,0.3908026881800515,0.2509380271066276,0.3582592847133209,0.24973553990597597
2023/24,2024-04-06,2023/24|2024-04-06|Freiburg|RB Leipzig,historical,2,0.3084102306982679,0.23800731789089372,0.4535824514108388,0.1968445039027738
2023/24,2024-04-06,2023/24|2024-04-06|Heidenheim|Bayern Munich,historical,0,0.20348525270278195,0.1896602513507684,0.6068544959464498,0.5013540609561853
2023/24,2024-04-06,2023/24|2024-04-06|Mainz|Darmstadt,historical,0,0.6772565746973601,0.19392922850247277,0.128814196800167,0.06037820793667644
2023/24,2024-04-06,2023/24|2024-04-06|Union Berlin|Leverkusen,historical,2,0.1961029283131477,0.22962325445754647,0.5742738172293059,0.10984957059474904
2023/24,2024-04-07,2023/24|2024-04-07|Hoffenheim|Augsburg,historical,0,0.3955982806464149,0.2518431248839896,0.35255859446959587,0.24479950044597326
2023/24,2024-04-07,2023/24|2024-04-07|Wolfsburg|M'gladbach,historical,2,0.5248232781779104,0.2566951500472804,0.21848157177480937,0.4431052634864905
2023/24,2024-04-12,2023/24|2024-04-12|Augsburg|Union Berlin,historical,0,0.4364809034503545,0.26765918782069054,0.2958599087289551,0.20254342888461713
2023/24,2024-04-13,2023/24|2024-04-13|Bayern Munich|FC Koln,historical,0,0.8450607369627684,0.0857927061199634,0.06914655691726794,0.01439371078201673
2023/24,2024-04-13,2023/24|2024-04-13|Bochum|Heidenheim,historical,1,0.3944083321729664,0.28555000244434653,0.32004166538268747,0.12899230003419243
2023/24,2024-04-13,2023/24|2024-04-13|M'gladbach|Dortmund,historical,2,0.36589359803631283,0.23303605266267624,0.4010703493010108,0.24629742578518596
2023/24,2024-04-13,2023/24|2024-04-13|Mainz|Hoffenheim,historical,0,0.5194177203473076,0.24311969408049972,0.23746258557219257,0.1436739035314048
2023/24,2024-04-13,2023/24|2024-04-13|RB Leipzig|Wolfsburg,historical,0,0.6530111658221102,0.20443254277638626,0.14255629140150364,0.07036177363114077
2023/24,2024-04-13,2023/24|2024-04-13|Stuttgart|Ein Frankfurt,historical,0,0.702858090917715,0.17909826627531505,0.11804364280697018,0.05111380787010222
2023/24,2024-04-14,2023/24|2024-04-14|Darmstadt|Freiburg,historical,2,0.2610714738976645,0.22508588921505124,0.513842636887284,0.15225364809590392
2023/24,2024-04-14,2023/24|2024-04-14|Leverkusen|Werder Bremen,historical,0,0.7731649368284559,0.14474269854107363,0.08209236463047066,0.02909665110733027
2023/24,2024-04-19,2023/24|2024-04-19|Ein Frankfurt|Augsburg,historical,0,0.49909655436861555,0.23843338664344607,0.2624700589879384,0.1598973968552626
2023/24,2024-04-20,2023/24|2024-04-20|FC Koln|Darmstadt,historical,2,0.5202411860671098,0.2603815876622079,0.2193772262706821,0.4400114032726833
2023/24,2024-04-20,2023/24|2024-04-20|Heidenheim|RB Leipzig,historical,2,0.31496745139569654,0.25930698941303854,0.42572555919126476,0.2144978144024429
2023/24,2024-04-20,2023/24|2024-04-20|Hoffenheim|M'gladbach,historical,0,0.41982161554999203,0.23407164138458697,0.34610674306542116,0.22819841768918725
2023/24,2024-04-20,2023/24|2024-04-20|Union Berlin|Bayern Munich,historical,2,0.20258824096850656,0.19235523780696737,0.6050565212245259,0.09851117340299345
2023/24,2024-04-20,2023/24|2024-04-20|Wolfsburg|Bochum,historical,0,0.4800228518349152,0.2820687661702816,0.23790838199480302,0.16348831641863987
2023/24,2024-04-21,2023/24|2024-04-21|Dortmund|Leverkusen,historical,1,0.3369063737155458,0.2686048539234201,0.39448877236103386,0.1345636480845374
2023/24,2024-04-21,2023/24|2024-04-21|Freiburg|Mainz,historical,1,0.3948416328723102,0.2555200895779621,0.34963827754972754,0.13907342008860635
2023/24,2024-04-21,2023/24|2024-04-21|Werder Bremen|Stuttgart,historical,0,0.23937031587114238,0.2238075750608844,0.5368221090679728,0.43336774658107624
2023/24,2024-04-26,2023/24|2024-04-26|Bochum|Hoffenheim,historical,0,0.45576966463768426,0.23679877204059685,0.3074315633217193,0.19535041202750733
2023/24,2024-04-27,2023/24|2024-04-27|Augsburg|Werder Bremen,historical,2,0.45611297312398386,0.2494888377732772,0.2943981891027391,0.35295647989674706
2023/24,2024-04-27,2023/24|2024-04-27|Bayern Munich|Ein Frankfurt,historical,0,0.7597719397400665,0.13865039465509443,0.10157766560483904,0.03401377154298937
2023/24,2024-04-27,2023/24|2024-04-27|Freiburg|Wolfsburg,historical,2,0.3854277023989264,0.29037333051508446,0.324198967085989,0.3026307749320797
2023/24,2024-04-27,2023/24|2024-04-27|Leverkusen|Stuttgart,historical,1,0.6193644893201226,0.21948155990302873,0.16115395077684827,0.2047914832408816
2023/24,2024-04-27,2023/24|2024-04-27|RB Leipzig|Dortmund,historical,0,0.5399713251191531,0.23042485001716173,0.22960382486368494,0.13217214905233085
2023/24,2024-04-28,2023/24|2024-04-28|Darmstadt|Heidenheim,historical,2,0.2667814195174515,0.25634956209871906,0.47686901838382934,0.17241917486322234
2023/24,2024-04-28,2023/24|2024-04-28|M'gladbach|Union Berlin,historical,1,0.44885315466711173,0.26776562576714136,0.2833812195657465,0.1408870350285941
2023/24,2024-04-28,2023/24|2024-04-28|Mainz|FC Koln,historical,1,0.7032161616752823,0.18106862101577603,0.11571521730894163,0.2539514907790862
2023/24,2024-05-03,2023/24|2024-05-03|Hoffenheim|RB Leipzig,historical,1,0.27644219870137965,0.21823249082105325,0.5053253104775669,0.16588697931605134
2023/24,2024-05-04,2023/24|2024-05-04|Dortmund|Augsburg,historical,0,0.6348489344668831,0.1957059380273708,0.16944512750574636,0.0810234759477046
2023/24,2024-05-04,2023/24|2024-05-04|FC Koln|Freiburg,historical,1,0.3151532554963439,0.2358098300117677,0.44903691449188854,0.15047786251316966
2023/24,2024-05-04,2023/24|2024-05-04|Stuttgart|Bayern Munich,historical,0,0.4662021773447896,0.23178235980478026,0.30201546285042985,0.18807672763610156
2023/24,2024-05-04,2023/24|2024-05-04|Werder Bremen|M'gladbach,historical,1,0.46793766620443517,0.2461608734084922,0.2859014603870727,0.15035265225215713
2023/24,2024-05-04,2023/24|2024-05-04|Wolfsburg|Darmstadt,historical,0,0.557270253038249,0.2567244918663073,0.1860052550954438,0.1153037918839686
2023/24,2024-05-05,2023/24|2024-05-05|Ein Frankfurt|Leverkusen,historical,2,0.22577036654428673,0.2486092435252896,0.5256203899304234,0.13800413642965242
2023/24,2024-05-05,2023/24|2024-05-05|Heidenheim|Mainz,historical,1,0.39252674542575716,0.29117460369502823,0.31629865087921494,0.12706104121127423
2023/24,2024-05-05,2023/24|2024-05-05|Union Berlin|Bochum,historical,2,0.3689721747210937,0.2761297669198846,0.3548980583590216,0.2761484904136868
2023/24,2024-05-10,2023/24|2024-05-10|Augsburg|Stuttgart,historical,2,0.1989278140765186,0.18524044072302104,0.6158317452004602,0.09357876160449298
2023/24,2024-05-11,2023/24|2024-05-11|FC Koln|Union Berlin,historical,0,0.40173877998287594,0.27062787920959636,0.32763334080752793,0.23263004669253962
2023/24,2024-05-11,2023/24|2024-05-11|Freiburg|Heidenheim,historical,1,0.4064275464131925,0.2763997819960639,0.3171726715907439,0.13289092704372873
2023/24,2024-05-11,2023/24|2024-05-11|M'gladbach|Ein Frankfurt,historical,1,0.47283020088413164,0.24061861795971878,0.28655118115614936,0.15283998914505637
2023/24,2024-05-11,2023/24|2024-05-11|Mainz|Dortmund,historical,0,0.402948869938594,0.24524895431465282,0.3518021757467532,0.24011741138387563
2023/24,2024-05-11,2023/24|2024-05-11|RB Leipzig|Werder Bremen,historical,1,0.7332042065905494,0.15470059277273557,0.11209520063671502,0.2750768712839312
2023/24,2024-05-12,2023/24|2024-05-12|Bayern Munich|Wolfsburg,historical,0,0.7176387667593551,0.1686835595240574,0.11367767371658748,0.04632523976939639
2023/24,2024-05-12,2023/24|2024-05-12|Bochum|Leverkusen,historical,2,0.17765760715320247,0.1881549024604493,0.6341874903863481,0.08269050878461984
2023/24,2024-05-12,2023/24|2024-05-12|Darmstadt|Hoffenheim,historical,2,0.2812549579355294,0.22838812520474314,0.49035691685972727,0.16942021177801955
2023/24,2024-05-18,2023/24|2024-05-18|Dortmund|Darmstadt,historical,0,0.782650244832591,0.12420063185669591,0.09314912331071304,0.027958837622443517
2023/24,2024-05-18,2023/24|2024-05-18|Ein Frankfurt|RB Leipzig,historical,1,0.36610693122175747,0.28154752705195724,0.3523455417262853,0.12909083293150106
2023/24,2024-05-18,2023/24|2024-05-18|Heidenheim|FC Koln,historical,0,0.49006090058912993,0.26918522385958976,0.24075387555128025,0.15900015685046534
2023/24,2024-05-18,2023/24|2024-05-18|Hoffenheim|Bayern Munich,historical,0,0.16491107444886693,0.14802667737995334,0.6870622481711799,0.5847140232200908
2023/24,2024-05-18,2023/24|2024-05-18|Leverkusen|Augsburg,historical,0,0.8192531522491318,0.10686982233017014,0.07387702542069809,0.019063618928443007
2023/24,2024-05-18,2023/24|2024-05-18|Stuttgart|M'gladbach,historical,0,0.734944992883386,0.15723540463922164,0.10781960247739236,0.040939611737985604
2023/24,2024-05-18,2023/24|2024-05-18|Union Berlin|Freiburg,historical,0,0.3574640707696591,0.2757586465679073,0.36677728266243387,0.2736889977145682
2023/24,2024-05-18,2023/24|2024-05-18|Werder Bremen|Bochum,historical,0,0.5665536621988073,0.2188461918825056,0.21460014591868695,0.1169644751907937
2023/24,2024-05-18,2023/24|2024-05-18|Wolfsburg|Mainz,historical,2,0.3290295834113179,0.3130830210850869,0.35788739550359516,0.26028453180649086
2024/25,2025-03-02,2024/25|2025-03-02|Augsburg|Freiburg,current_only,1,0.2992546304026028,0.3116394218643317,0.3891059477330654,0.12047838618932276
2024/25,2025-03-02,2024/25|2025-03-02|Union Berlin|Holstein Kiel,current_only,2,0.5236366285873536,0.24265168111945767,0.23371169029318878,0.430696546195826
2024/25,2025-03-07,2024/25|2025-03-07|M'gladbach|Mainz,current_only,2,0.30822325074386175,0.25157063231328175,0.4402061169428567,0.20418538190365418
2024/25,2025-03-08,2024/25|2025-03-08|Bayern Munich|Bochum,current_only,2,0.8446867355723957,0.08823952192449862,0.06707374250310566,0.791923541589556
2024/25,2025-03-08,2024/25|2025-03-08|Dortmund|Augsburg,current_only,2,0.6309322841305519,0.21995895402005713,0.149108761849391,0.561045723159836
2024/25,2025-03-08,2024/25|2025-03-08|Freiburg|RB Leipzig,current_only,1,0.542060421294062,0.2405086258962852,0.21743095280965305,0.1705528597866047
2024/25,2025-03-08,2024/25|2025-03-08|Holstein Kiel|Stuttgart,current_only,1,0.2663738074238112,0.2469788653036682,0.4866473272725203,0.1538903132114727
2024/25,2025-03-08,2024/25|2025-03-08|Leverkusen|Werder Bremen,current_only,2,0.7782940267876715,0.13290036241408118,0.08880561079824724,0.7180084035230618
2024/25,2025-03-08,2024/25|2025-03-08|Wolfsburg|St Pauli,current_only,1,0.5520498698136284,0.24940239919008086,0.198547730996291,0.17209013012250973
2024/25,2025-03-09,2024/25|2025-03-09|Ein Frankfurt|Union Berlin,current_only,2,0.6175660366657328,0.19859422770085342,0.18383973563341363,0.5237526933869786
2024/25,2025-03-09,2024/25|2025-03-09|Hoffenheim|Heidenheim,current_only,1,0.44015479580256356,0.2462275148228745,0.3136176893745621,0.1460461496783178
2024/25,2025-03-14,2024/25|2025-03-14|St Pauli|Hoffenheim,current_only,0,0.44513082868919934,0.2765783286352209,0.2782908426755798,0.1926627951941095
2024/25,2025-03-15,2024/25|2025-03-15|Augsburg|Wolfsburg,current_only,0,0.3393480594267352,0.2974390063790154,0.36321293419424944,0.2841923110746084
2024/25,2025-03-15,2024/25|2025-03-15|Mainz|Freiburg,current_only,1,0.4175060456430994,0.2932404823013282,0.2892534720555729,0.1289894346223708
2024/25,2025-03-15,2024/25|2025-03-15|RB Leipzig|Dortmund,current_only,0,0.30885172840497105,0.24478691145194667,0.44636136014308225,0.3384621985787892
2024/25,2025-03-15,2024/25|2025-03-15|Union Berlin|Bayern Munich,current_only,1,0.11623737887967231,0.1476989383789514,0.7360636827413767,0.27765043664980693
2024/25,2025-03-15,2024/25|2025-03-15|Werder Bremen|M'gladbach,current_only,2,0.5013489454991688,0.24274619966693808,0.25590485483389286,0.40251417510644905
2024/25,2025-03-16,2024/25|2025-03-16|Bochum|Ein Frankfurt,current_only,2,0.2771586555860957,0.20483263201809512,0.5180087123958094,0.15456626084631891
2024/25,2025-03-16,2024/25|2025-03-16|Heidenheim|Holstein Kiel,current_only,0,0.4606485575561088,0.2702432762612492,0.2691081661826419,0.1816595917862453
2024/25,2025-03-16,2024/25|2025-03-16|Stuttgart|Leverkusen,current_only,2,0.36423805672201504,0.27196573307175853,0.36379621020622666,0.2687123120562949
2024/25,2025-03-28,2024/25|2025-03-28|Leverkusen|Bochum,current_only,0,0.8238370964711479,0.09705165981933563,0.07911124370951668,0.018645978730491085
2024/25,2025-03-29,2024/25|2025-03-29|Bayern Munich|St Pauli,current_only,0,0.7825965523945895,0.1416267842567555,0.0757766633486554,0.026503180869486935
2024/25,2025-03-29,2024/25|2025-03-29|Ein Frankfurt|Stuttgart,current_only,0,0.42488995971435845,0.2324582038003645,0.3426518364852772,0.22408091974204264
2024/25,2025-03-29,2024/25|2025-03-29|Hoffenheim|Augsburg,current_only,1,0.3330039987091772,0.31437908738711356,0.3526169139037093,0.11761517556363876
2024/25,2025-03-29,2024/25|2025-03-29|Holstein Kiel|Werder Bremen,current_only,2,0.315356860877434,0.253575975126547,0.4310671639960195,0.21156726079300095
2024/25,2025-03-29,2024/25|2025-03-29|M'gladbach|RB Leipzig,current_only,0,0.33878000188729285,0.21803032569857894,0.4431896724141283,0.31681448581935534
2024/25,2025-03-29,2024/25|2025-03-29|Wolfsburg|Heidenheim,current_only,2,0.606555001175975,0.20817341856962943,0.18527158025439544,0.5158456836963785
2024/25,2025-03-30,2024/25|2025-03-30|Dortmund|Mainz,current_only,0,0.5846971839134062,0.22834748619494047,0.18695532989165314,0.10371436221217603
2024/25,2025-03-30,2024/25|2025-03-30|Freiburg|Union Berlin,current_only,2,0.6413644081470761,0.20336090907518714,0.1552746827777369,0.5624545827970512
2024/25,2025-04-04,2024/25|2025-04-04|Augsburg|Bayern Munich,current_only,2,0.13604565467599966,0.2018977685994596,0.6620565767245408,0.06635708874567878
2024/25,2025-04-05,2024/25|2025-04-05|Bochum|Stuttgart,current_only,2,0.2939685366875045,0.23012782689666525,0.4759036364158301,0.18054724944217146
2024/25,2025-04-05,2024/25|2025-04-05|Freiburg|Dortmund,current_only,2,0.30177687250351026,0.2503348344847384,0.44788829301175087,0.19794830888573878
2024/25,2025-04-05,2024/25|2025-04-05|Heidenheim|Leverkusen,current_only,2,0.1705352266113737,0.19009111230587145,0.6393736610827548,0.07956680991812418
2024/25,2025-04-05,2024/25|2025-04-05|Mainz|Holstein Kiel,current_only,1,0.664079525375492,0.20598011840533298,0.12994035621917507,0.2289430560986524
2024/25,2025-04-05,2024/25|2025-04-05|RB Leipzig|Hoffenheim,current_only,0,0.6270719817622452,0.19691527811860582,0.17601274011914883,0.0850278957354951
2024/25,2025-04-05,2024/25|2025-04-05|Werder Bremen|Ein Frankfurt,current_only,0,0.33292731748910065,0.21254612180600088,0.4545265607048983,0.32579017906925545
2024/25,2025-04-06,2024/25|2025-04-06|St Pauli|M'gladbach,current_only,1,0.4287622193516391,0.27030774577033295,0.30093003487802805,0.1371979633175171
2024/25,2025-04-06,2024/25|2025-04-06|Union Berlin|Wolfsburg,current_only,0,0.38297459660587385,0.2667072379249789,0.3503181654691471,0.2517215827456764
2024/25,2025-04-11,2024/25|2025-04-11|Wolfsburg|RB Leipzig,current_only,2,0.5116923319005562,0.23303464789218717,0.2552730202072566,0.4082236584785251
2024/25,2025-04-12,2024/25|2025-04-12|Bayern Munich|Dortmund,current_only,1,0.620733478280642,0.21631370037829317,0.16295282134106498,0.20593183652069863
2024/25,2025-04-12,2024/25|2025-04-12|Bochum|Augsburg,current_only,2,0.4572404126718584,0.28247638750233034,0.26028319982581105,0.37812486972013604
2024/25,2025-04-12,2024/25|2025-04-12|Hoffenheim|Mainz,current_only,0,0.30405292660417876,0.2551265739903295,0.4408204994054917,0.3393325208321579
2024/25,2025-04-12,2024/25|2025-04-12|Holstein Kiel|St Pauli,current_only,2,0.31660143996000084,0.3219650422847229,0.3614335177552765,0.2540018120155735
2024/25,2025-04-12,2024/25|2025-04-12|Leverkusen|Union Berlin,current_only,1,0.6716674691382688,0.19572478827056797,0.13260774259116295,0.23436100124686574
2024/25,2025-04-12,2024/25|2025-04-12|M'gladbach|Freiburg,current_only,2,0.331172039950789,0.23561305765319693,0.43321490239601385,0.2154601334555634
2024/25,2025-04-13,2024/25|2025-04-13|Ein Frankfurt|Heidenheim,current_only,0,0.6520618646203382,0.18216885927317106,0.16576927610649073,0.0742701994761729
2024/25,2025-04-13,2024/25|2025-04-13|Stuttgart|Werder Bremen,current_only,2,0.534153065454271,0.21990380732471823,0.24594312722101072,0.42696063235971177
2024/25,2025-04-19,2024/25|2025-04-19|Freiburg|Hoffenheim,current_only,0,0.6860567757234961,0.18348144972853456,0.13046177454796914,0.057790311343666204
2024/25,2025-04-19,2024/25|2025-04-19|Heidenheim|Bayern Munich,current_only,2,0.12872614979450023,0.13759891893931445,0.7336749312661855,0.04374973193849361
2024/25,2025-04-19,2024/25|2025-04-19|Mainz|Wolfsburg,current_only,1,0.33676994123255544,0.2517368399666918,0.4114932188007525,0.1413703312183915
2024/25,2025-04-19,2024/25|2025-04-19|RB Leipzig|Holstein Kiel,current_only,1,0.5523622725972621,0.23251673448193821,0.21512099292079936,0.1756905608920214
2024/25,2025-04-19,2024/25|2025-04-19|Union Berlin|Stuttgart,current_only,1,0.3456353437975907,0.25026445705201245,0.4041001991503968,0.14138038091773455
2024/25,2025-04-19,2024/25|2025-04-19|Werder Bremen|Bochum,current_only,0,0.5694164016898092,0.21615880159917839,0.21442479671101236,0.11569011428915538
2024/25,2025-04-20,2024/25|2025-04-20|Augsburg|Ein Frankfurt,current_only,1,0.3369558234923905,0.2654165830120313,0.39762759349557814,0.1358234650472599
2024/25,2025-04-20,2024/25|2025-04-20|Dortmund|M'gladbach,current_only,0,0.7934143241153595,0.1153335775031697,0.09125209838147107,0.025502293469867675
2024/25,2025-04-20,2024/25|2025-04-20|St Pauli|Leverkusen,current_only,1,0.2644467755778163,0.28992211332065587,0.4456311111015275,0.13425959214754313
2024/25,2025-04-25,2024/25|2025-04-25|Stuttgart|Heidenheim,current_only,2,0.5898121790145737,0.21536194164460654,0.1948258793408198,0.49809188554660183
2024/25,2025-04-26,2024/25|2025-04-26|Bayern Munich|Mainz,current_only,0,0.7980569854134454,0.11958052982252754,0.08236248476402717,0.023782280018405
2024/25,2025-04-26,2024/25|2025-04-26|Ein Frankfurt|RB Leipzig,current_only,0,0.665956931018992,0.170280854796382,0.16376221418462625,0.0692014173644509
2024/25,2025-04-26,2024/25|2025-04-26|Hoffenheim|Dortmund,current_only,2,0.16852263351836727,0.1665168675855837,0.664960498896049,0.07032567265397514
2024/25,2025-04-26,2024/25|2025-04-26|Holstein Kiel|M'gladbach,current_only,0,0.39664270007817803,0.27834131714756155,0.32501598277426047,0.2348377102138349
2024/25,2025-04-26,2024/25|2025-04-26|Leverkusen|Augsburg,current_only,0,0.6544620926086994,0.22185062599356214,0.1236872813977387,0.0673474945119612
2024/25,2025-04-26,2024/25|2025-04-26|Wolfsburg|Freiburg,current_only,2,0.4182805476056436,0.25146392124454714,0.33025553114980943,0.3117581350303506
2024/25,2025-04-27,2024/25|2025-04-27|Bochum|Union Berlin,current_only,1,0.31834507161976855,0.2541146495955886,0.42754027878464285,0.14206713730392284
2024/25,2025-04-27,2024/25|2025-04-27|Werder Bremen|St Pauli,current_only,1,0.4333317161237919,0.2746786872288846,0.2919895966473232,0.1365171503745286
2024/25,2025-05-02,2024/25|2025-05-02|Heidenheim|Bochum,current_only,1,0.42440148245838105,0.24386302855389383,0.3317354889877251,0.1450825264833983
2024/25,2025-05-03,2024/25|2025-05-03|Dortmund|Wolfsburg,current_only,0,0.7109631083504275,0.16143415675220021,0.12760273489737226,0.049912391343867886
2024/25,2025-05-03,2024/25|2025-05-03|M'gladbach|Hoffenheim,current_only,1,0.5374183170184841,0.21769795378658605,0.24488372919493012,0.17439324414569782
2024/25,2025-05-03,2024/25|2025-05-03|RB Leipzig|Bayern Munich,current_only,1,0.15161597027864365,0.16247689085010858,0.685907138871248,0.24672800279903787
2024/25,2025-05-03,2024/25|2025-05-03|St Pauli|Stuttgart,current_only,2,0.3541428537656839,0.2924737565192817,0.3533833897150343,0.27176510078486077
2024/25,2025-05-03,2024/25|2025-05-03|Union Berlin|Werder Bremen,current_only,1,0.39936708065909277,0.278529405818538,0.322103513522369,0.1316223692688107
2024/25,2025-05-04,2024/25|2025-05-04|Augsburg|Holstein Kiel,current_only,2,0.4876342561806929,0.28497495311439086,0.22739079070491638,0.4173560790442361
2024/25,2025-05-04,2024/25|2025-05-04|Freiburg|Leverkusen,current_only,1,0.29086956893131855,0.2850609792723846,0.4240694517962972,0.13222000303855141
2024/25,2025-05-04,2024/25|2025-05-04|Mainz|Ein Frankfurt,current_only,1,0.32236299151358555,0.22952632124454,0.4481106872418746,0.1523605431589865
2024/25,2025-05-09,2024/25|2025-05-09|Wolfsburg|Hoffenheim,current_only,1,0.5126444486526017,0.2403772889764808,0.24697826237091755,0.16190129640904388
2024/25,2025-05-10,2024/25|2025-05-10|Bayern Munich|M'gladbach,current_only,0,0.8679492727562451,0.06727797637756683,0.06477275086618804,0.010816451910188906
2024/25,2025-05-10,2024/25|2025-05-10|Bochum|Mainz,current_only,2,0.3912570562905021,0.26326209735410305,0.34548084635539494,0.29073870329237966
2024/25,2025-05-10,2024/25|2025-05-10|Holstein Kiel|Freiburg,current_only,2,0.194093849570884,0.21871428141701366,0.5871918690121022,0.1040414877254831
2024/25,2025-05-10,2024/25|2025-05-10|Union Berlin|Heidenheim,current_only,2,0.527686816913974,0.2590899571557772,0.21322322593024878,0.4487355344802031
2024/25,2025-05-10,2024/25|2025-05-10|Werder Bremen|RB Leipzig,current_only,1,0.4184673815234761,0.23148755431120452,0.350045064165319,0.14882324817280854
2024/25,2025-05-11,2024/25|2025-05-11|Ein Frankfurt|St Pauli,current_only,1,0.6194013930525332,0.21136719832562223,0.1692314086218448,0.2061486776897762
2024/25,2025-05-11,2024/25|2025-05-11|Leverkusen|Dortmund,current_only,2,0.39030580591091985,0.26718307680787867,0.3425111172812013,0.29231512651329333
2024/25,2025-05-11,2024/25|2025-05-11|Stuttgart|Augsburg,current_only,0,0.618303286346737,0.22959131249714324,0.15210540115611998,0.08441421713728256
2024/25,2025-05-17,2024/25|2025-05-17|Augsburg|Union Berlin,current_only,2,0.3627711352448003,0.3204706115634177,0.31675825319178214,0.29921109057417317
2024/25,2025-05-17,2024/25|2025-05-17|Dortmund|Holstein Kiel,current_only,0,0.8004846169034381,0.11095356297272835,0.08856182012383375,0.023824792037907064
2024/25,2025-05-17,2024/25|2025-05-17|Freiburg|Ein Frankfurt,current_only,2,0.5263558067295446,0.24731412354827478,0.22633006972218095,0.43780779814699783
2024/25,2025-05-17,2024/25|2025-05-17|Heidenheim|Werder Bremen,current_only,2,0.24914703861374093,0.24289257356959587,0.5079603878166633,0.1520886134037627
2024/25,2025-05-17,2024/25|2025-05-17|Hoffenheim|Bayern Munich,current_only,2,0.1269286581353441,0.13637951624344904,0.7366918256212072,0.042721039475366006
2024/25,2025-05-17,2024/25|2025-05-17|M'gladbach|Wolfsburg,current_only,2,0.35322666724364876,0.249913418889294,0.3968599138670571,0.24427352097625452
2024/25,2025-05-17,2024/25|2025-05-17|Mainz|Leverkusen,current_only,1,0.4128785213286522,0.2929229554740371,0.2941985231973109,0.12851072221300644
2024/25,2025-05-17,2024/25|2025-05-17|RB Leipzig|Stuttgart,current_only,2,0.27392495214763074,0.22080877637749546,0.5052662714748739,0.15989817077472754
2024/25,2025-05-17,2024/25|2025-05-17|St Pauli|Bochum,current_only,2,0.4524333124748697,0.2824881915956057,0.26507849592952454,0.3724027596910964
2024/25,2025-03-02,2024/25|2025-03-02|Augsburg|Freiburg,historical,1,0.27716747329757624,0.31316607845618455,0.4096664482462394,0.12232420353642562
2024/25,2025-03-02,2024/25|2025-03-02|Union Berlin|Holstein Kiel,historical,2,0.5435131568496425,0.2360060371762759,0.22048080597408126,0.4515283627617408
2024/25,2025-03-07,2024/25|2025-03-07|M'gladbach|Mainz,historical,2,0.3517922483470318,0.2529975086348914,0.39521024301807683,0.2447642180736567
2024/25,2025-03-08,2024/25|2025-03-08|Bayern Munich|Bochum,historical,2,0.8514687917518957,0.08288783272439362,0.06564337552371079,0.7990107025150793
2024/25,2025-03-08,2024/25|2025-03-08|Dortmund|Augsburg,historical,2,0.6446954315583061,0.22066702220555015,0.13463754623614396,0.5822421879281764
2024/25,2025-03-08,2024/25|2025-03-08|Freiburg|RB Leipzig,historical,1,0.586934061042056,0.21822175363660493,0.19484418532133904,0.19122792428242813
2024/25,2025-03-08,2024/25|2025-03-08|Holstein Kiel|Stuttgart,historical,1,0.22971404207604232,0.2452074663913336,0.5250784915326241,0.16423798169854487
2024/25,2025-03-08,2024/25|2025-03-08|Leverkusen|Werder Bremen,historical,2,0.7787534117947174,0.13204176815494748,0.08920482005033506,0.7180023681007275
2024/25,2025-03-08,2024/25|2025-03-08|Wolfsburg|St Pauli,historical,1,0.547116490965199,0.2501891174915845,0.20269439154321642,0.1702107355245737
2024/25,2025-03-09,2024/25|2025-03-09|Ein Frankfurt|Union Berlin,historical,2,0.6160206990594641,0.19524122432280505,0.18873807661773087,0.5188137049998047
2024/25,2025-03-09,2024/25|2025-03-09|Hoffenheim|Heidenheim,historical,1,0.44446180606205,0.2543770086630376,0.3011611852749123,0.14412217828206472
2024/25,2025-03-14,2024/25|2025-03-14|St Pauli|Hoffenheim,historical,0,0.41038829536242416,0.2900626221113614,0.2995490825262145,0.21868580754396238
2024/25,2025-03-15,2024/25|2025-03-15|Augsburg|Wolfsburg,historical,0,0.3044226448280485,0.2978079016273886,0.3977694535445631,0.32102419760057366
2024/25,2025-03-15,2024/25|2025-03-15|Mainz|Freiburg,historical,1,0.46283893059472303,0.27492379124489313,0.26223727816038384,0.1414941328655167
2024/25,2025-03-15,2024/25|2025-03-15|RB Leipzig|Dortmund,historical,0,0.3063323012360522,0.24587592951783765,0.4477917692461102,0.3408461724565164
2024/25,2025-03-15,2024/25|2025-03-15|Union Berlin|Bayern Munich,historical,1,0.11599278583874374,0.14183616358605397,0.7421710505752022,0.2821360973392661
2024/25,2025-03-15,2024/25|2025-03-15|Werder Bremen|M'gladbach,historical,2,0.5076748951324467,0.2339654809843483,0.25835962388320527,0.40388212331720097
2024/25,2025-03-16,2024/25|2025-03-16|Bochum|Ein Frankfurt,historical,2,0.2692937695686976,0.205456605498482,0.5252496249328203,0.14895352647747326
2024/25,2025-03-16,2024/25|2025-03-16|Heidenheim|Holstein Kiel,historical,0,0.4499746762433267,0.27615014469122945,0.2738751790654443,0.18876773524088108
2024/25,2025-03-16,2024/25|2025-03-16|Stuttgart|Leverkusen,historical,2,0.30874883307672524,0.26751764613880524,0.4237335207844694,0.21370444849685152
2024/25,2025-03-28,2024/25|2025-03-28|Leverkusen|Bochum,historical,0,0.8134030201298222,0.1043815021455657,0.08221547772461223,0.02078890883707885
2024/25,2025-03-29,2024/25|2025-03-29|Bayern Munich|St Pauli,historical,0,0.7941608815288963,0.1324326768310044,0.0734064416400994,0.02387912418361118
2024/25,2025-03-29,2024/25|2025-03-29|Ein Frankfurt|Stuttgart,historical,0,0.45060613308931674,0.23259050665817457,0.31680336025250844,0.20109899503317719
2024/25,2025-03-29,2024/25|2025-03-29|Hoffenheim|Augsburg,historical,1,0.3197478664920118,0.3182356190641216,0.36201651444386634,0.11664732742813981
2024/25,2025-03-29,2024/25|2025-03-29|Holstein Kiel|Werder Bremen,historical,2,0.2882762305313236,0.2454186649833124,0.466305104485364,0.18396671329386355
2024/25,2025-03-29,2024/25|2025-03-29|M'gladbach|RB Leipzig,historical,0,0.37271537718251585,0.217077736793853,0.4102068860236311,0.2808778436822389
2024/25,2025-03-29,2024/25|2025-03-29|Wolfsburg|Heidenheim,historical,2,0.6017908637727191,0.20891430948372444,0.18929482674355694,0.5096975608325377
2024/25,2025-03-30,2024/25|2025-03-30|Dortmund|Mainz,historical,0,0.60738067356384,0.22360113458236375,0.16901819185379607,0.09135854233435535
2024/25,2025-03-30,2024/25|2025-03-30|Freiburg|Union Berlin,historical,2,0.6166568161432747,0.214464544376569,0.1688786394801565,0.5355141724041583
2024/25,2025-04-04,2024/25|2025-04-04|Augsburg|Bayern Munich,historical,2,0.14401438217305798,0.21094719884059474,0.6450384189863473,0.07336893313419977
2024/25,2025-04-05,2024/25|2025-04-05|Bochum|Stuttgart,historical,2,0.2877509448125996,0.23423123853970704,0.47801781664769344,0.1776330029888924
2024/25,2025-04-05,2024/25|2025-04-05|Freiburg|Dortmund,historical,2,0.26972930240996135,0.23894130883447487,0.49132938875556403,0.1657498436611764
2024/25,2025-04-05,2024/25|2025-04-05|Heidenheim|Leverkusen,historical,2,0.17394316636846657,0.2033074866153847,0.6227493470161488,0.08628714015151512
2024/25,2025-04-05,2024/25|2025-04-05|Mainz|Holstein Kiel,historical,1,0.7100971095778004,0.17558952447213907,0.11431336595006045,0.25865272533278955
2024/25,2025-04-05,2024/25|2025-04-05|RB Leipzig|Hoffenheim,historical,0,0.63438006211681,0.19038120369422057,0.1752387341889696,0.08219327646893002
2024/25,2025-04-05,2024/25|2025-04-05|Werder Bremen|Ein Frankfurt,historical,0,0.2957122856517645,0.20832782552617052,0.49595988882206504,0.37099869795112844
2024/25,2025-04-06,2024/25|2025-04-06|St Pauli|M'gladbach,historical,1,0.43965097540434234,0.2635475468534602,0.29680147774219734,0.14069204868197088
2024/25,2025-04-06,2024/25|2025-04-06|Union Berlin|Wolfsburg,historical,0,0.3800189306042461,0.26375518277308735,0.3562258866226663,0.2556367043546038
2024/25,2025-04-11,2024/25|2025-04-11|Wolfsburg|RB Leipzig,historical,2,0.494034233203711,0.23617304499667724,0.26979272179961195,0.3886362463569989
2024/25,2025-04-12,2024/25|2025-04-12|Bayern Munich|Dortmund,historical,1,0.6751737145032733,0.18426928005857224,0.14055700543815458,0.2378079082669445
2024/25,2025-04-12,2024/25|2025-04-12|Bochum|Augsburg,historical,2,0.43958105155677035,0.2934448733276812,0.2669740751155483,0.36527925372023073
2024/25,2025-04-12,2024/25|2025-04-12|Hoffenheim|Mainz,historical,0,0.2775078274159267,0.2511067192145359,0.47138545336953747,0.37209959254682934
2024/25,2025-04-12,2024/25|2025-04-12|Holstein Kiel|St Pauli,historical,2,0.31640748022030846,0.3150674999535384,0.36852501982615327,0.24943717206246258
2024/25,2025-04-12,2024/25|2025-04-12|Leverkusen|Union Berlin,historical,1,0.6552754050473648,0.2061346845863388,0.13858991036629625,0.22429650985766303
2024/25,2025-04-12,2024/25|2025-04-12|M'gladbach|Freiburg,historical,2,0.35388290019822743,0.24914371531320145,0.39697338448857095,0.24443710303393862
2024/25,2025-04-13,2024/25|2025-04-13|Ein Frankfurt|Heidenheim,historical,0,0.65298295134188,0.1801467681980784,0.16687028046004176,0.07413326128010247
2024/25,2025-04-13,2024/25|2025-04-13|Stuttgart|Werder Bremen,historical,2,0.5307072852547465,0.22408157427890166,0.24521114046635167,0.4256782225492841
2024/25,2025-04-19,2024/25|2025-04-19|Freiburg|Hoffenheim,historical,0,0.6836830405888807,0.18378237972167757,0.1325345796894417,0.05881091681227632
2024/25,2025-04-19,2024/25|2025-04-19|Heidenheim|Bayern Munich,historical,2,0.130892306118191,0.145823667300479,0.7232840265813301,0.04685226287299015
2024/25,2025-04-19,2024/25|2025-04-19|Mainz|Wolfsburg,historical,1,0.32928657534113637,0.2553306490531757,0.4153827756056882,0.14048624948488958
2024/25,2025-04-19,2024/25|2025-04-19|RB Leipzig|Holstein Kiel,historical,1,0.5967629608451828,0.22056006325809233,0.18267697589672507,0.19474845447974087
2024/25,2025-04-19,2024/25|2025-04-19|Union Berlin|Stuttgart,historical,1,0.3312530406174304,0.2452546724916717,0.4234922868908977,0.14453714698718778
2024/25,2025-04-19,2024/25|2025-04-19|Werder Bremen|Bochum,historical,0,0.5612782448688143,0.21658668015365692,0.22213507497752855,0.12091038498033022
2024/25,2025-04-20,2024/25|2025-04-20|Augsburg|Ein Frankfurt,historical,1,0.3035997761869233,0.2657572768177416,0.43064294699533495,0.13881308594878847
2024/25,2025-04-20,2024/25|2025-04-20|Dortmund|M'gladbach,historical,0,0.7847550939886366,0.12063876174024073,0.09460614427112253,0.027640346048844563
2024/25,2025-04-20,2024/25|2025-04-20|St Pauli|Leverkusen,historical,1,0.24417714273352442,0.2816665511114053,0.4741563061550707,0.14222333985006433
2024/25,2025-04-25,2024/25|2025-04-25|Stuttgart|Heidenheim,historical,2,0.624755441925235,0.20450662157119703,0.17073793650356792,0.538997466084778
2024/25,2025-04-26,2024/25|2025-04-26|Bayern Munich|Mainz,historical,0,0.7929009746265698,0.12423990961734456,0.0828591157560858,0.024877819687252535
2024/25,2025-04-26,2024/25|2025-04-26|Ein Frankfurt|RB Leipzig,historical,0,0.6688911305211405,0.1693286696425,0.1617801998363596,0.06790295825333043
2024/25,2025-04-26,2024/25|2025-04-26|Hoffenheim|Dortmund,historical,2,0.17566023047280366,0.17108753218576522,0.6532522373414309,0.07554526373924085
2024/25,2025-04-26,2024/25|2025-04-26|Holstein Kiel|M'gladbach,historical,0,0.44954646252548497,0.2704148177160271,0.2800387197584876,0.19071039074109009
2024/25,2025-04-26,2024/25|2025-04-26|Leverkusen|Augsburg,historical,0,0.6611844466537659,0.2205103446477148,0.11830520869851927,0.06439605079725752
2024/25,2025-04-26,2024/25|2025-04-26|Wolfsburg|Freiburg,historical,2,0.3959362790324459,0.2529038711721976,0.35115984979535664,0.28887953878582157
2024/25,2025-04-27,2024/25|2025-04-27|Bochum|Union Berlin,historical,1,0.3312470786775699,0.2537845402672676,0.4149683810551626,0.14096169220398339
2024/25,2025-04-27,2024/25|2025-04-27|Werder Bremen|St Pauli,historical,1,0.4209975424354819,0.2803965716427063,0.29860588592181203,0.13320220292193274
2024/25,2025-05-02,2024/25|2025-05-02|Heidenheim|Bochum,historical,1,0.4307476329406977,0.23404368085122154,0.3352086862080806,0.14895419329668078
2024/25,2025-05-03,2024/25|2025-05-03|Dortmund|Wolfsburg,historical,0,0.6911559399823646,0.1713694468220636,0.1374746131955716,0.05714196134072445
2024/25,2025-05-03,2024/25|2025-05-03|M'gladbach|Hoffenheim,historical,1,0.5112598009946253,0.22145825989484097,0.26728193911053355,0.16641310954387545
2024/25,2025-05-03,2024/25|2025-05-03|RB Leipzig|Bayern Munich,historical,1,0.15479039860040752,0.17006277425239028,0.6751468271472021,0.23989165285290356
2024/25,2025-05-03,2024/25|2025-05-03|St Pauli|Stuttgart,historical,2,0.352660046174333,0.2838594706036135,0.3634804832220534,0.26476310170345657
2024/25,2025-05-03,2024/25|2025-05-03|Union Berlin|Werder Bremen,historical,1,0.3981134233334542,0.28218398566986624,0.31970259099667986,0.1303520222641361
2024/25,2025-05-04,2024/25|2025-05-04|Augsburg|Holstein Kiel,historical,2,0.45648950314922687,0.29467863467155103,0.24883186217922187,0.38631811888128165
2024/25,2025-05-04,2024/25|2025-05-04|Freiburg|Leverkusen,historical,1,0.3626457583115816,0.2873030259052164,0.35005121578320225,0.12702389984634
2024/25,2025-05-04,2024/25|2025-05-04|Mainz|Ein Frankfurt,historical,1,0.38078179899540865,0.23937083808202242,0.3798473629225688,0.14463939878270482
2024/25,2025-05-09,2024/25|2025-05-09|Wolfsburg|Hoffenheim,historical,1,0.5133249278420844,0.23551388810737442,0.2511611840505412,0.16329221095887547
2024/25,2025-05-10,2024/25|2025-05-10|Bayern Munich|M'gladbach,historical,0,0.8690940321958028,0.06653311994265622,0.06437284786154107,0.010640117974279302
2024/25,2025-05-10,2024/25|2025-05-10|Bochum|Mainz,historical,2,0.37485359213500175,0.26288323174247163,0.36226317612252673,0.2736117360329209
2024/25,2025-05-10,2024/25|2025-05-10|Holstein Kiel|Freiburg,historical,2,0.20954638821397034,0.2225432349165304,0.5679103768694994,0.11530556561528907
2024/25,2025-05-10,2024/25|2025-05-10|Union Berlin|Heidenheim,historical,2,0.5359419423112333,0.25617724258147645,0.20788081510729053,0.4573432843017141
2024/25,2025-05-10,2024/25|2025-05-10|Werder Bremen|RB Leipzig,historical,1,0.4504206310663417,0.2370324276311721,0.3125469413024859,0.15028216770387062
2024/25,2025-05-11,2024/25|2025-05-11|Ein Frankfurt|St Pauli,historical,1,0.6493557140888004,0.19654913933664125,0.15409514657455858,0.22270407880880527
2024/25,2025-05-11,2024/25|2025-05-11|Leverkusen|Dortmund,historical,2,0.39932000963264686,0.2711039835331308,0.32957600683422217,0.3044624003526819
2024/25,2025-05-11,2024/25|2025-05-11|Stuttgart|Augsburg,historical,0,0.628225675316645,0.2262541778698859,0.14552014681346917,0.07969613081118915
2024/25,2025-05-17,2024/25|2025-05-17|Augsburg|Union Berlin,historical,2,0.3735583690249193,0.31542306322493374,0.31101856775014697,0.3071206345268083
2024/25,2025-05-17,2024/25|2025-05-17|Dortmund|Holstein Kiel,historical,0,0.8121095983843274,0.10513038664292228,0.08276001497275023,0.021076011548794304
2024/25,2025-05-17,2024/25|2025-05-17|Freiburg|Ein Frankfurt,historical,2,0.5237997450247245,0.25010476756333044,0.22609548741194502,0.43664718374606065
2024/25,2025-05-17,2024/25|2025-05-17|Heidenheim|Werder Bremen,historical,2,0.23471276639192948,0.23879700497020542,0.5264902286378651,0.13965079314138687
2024/25,2025-05-17,2024/25|2025-05-17|Hoffenheim|Bayern Munich,historical,2,0.15371941311423107,0.17198379483485052,0.6742967920509184,0.06485611881825316
2024/25,2025-05-17,2024/25|2025-05-17|M'gladbach|Wolfsburg,historical,2,0.342405577820901,0.2346650292079512,0.42292939297114757,0.2251260326097565
2024/25,2025-05-17,2024/25|2025-05-17|Mainz|Leverkusen,historical,1,0.4140663830146438,0.2870713261445965,0.2988622908407596,0.13038481921470826
2024/25,2025-05-17,2024/25|2025-05-17|RB Leipzig|Stuttgart,historical,2,0.23522331221046075,0.2092134732979362,0.5555632144916032,0.12642703146014836
2024/25,2025-05-17,2024/25|2025-05-17|St Pauli|Bochum,historical,2,0.44801028923123326,0.28204075010935464,0.26994896065941243,0.366843869649663
