season,season_label,club,rank_in_season,players_signed,total_mv_eur,avg_player_mv_eur,median_player_mv_eur,max_player_mv_eur
2015,2015/16,1.FC Köln,11,6,16250000,2708333,2250000,4500000
2015,2015/16,1.FSV Mainz 05,10,11,19600000,1781818,1500000,5000000
2015,2015/16,Bayer 04 Leverkusen,2,7,50500000,7214286,7500000,10000000
2015,2015/16,Bayern Munich,1,5,77000000,15400000,5000000,42000000
2015,2015/16,Borussia Dortmund,6,5,32500000,6500000,6000000,14000000
2015,2015/16,Borussia Mönchengladbach,5,7,36500000,5214286,4000000,10000000
2015,2015/16,Eintracht Frankfurt,13,6,15250000,2541667,1875000,5000000
2015,2015/16,FC Augsburg,14,6,13900000,2316667,2250000,4500000
2015,2015/16,FC Ingolstadt 04,18,5,6350000,1270000,1100000,2300000
2015,2015/16,FC Schalke 04,3,7,47100000,6728571,6500000,14000000
2015,2015/16,Hamburger SV,9,9,20000000,2222222,2000000,4500000
2015,2015/16,Hannover 96,12,7,15900000,2271429,2000000,4000000
2015,2015/16,Hertha BSC,15,4,11500000,2875000,2000000,5500000
2015,2015/16,SV Darmstadt 98,17,11,9900000,900000,900000,1750000
2015,2015/16,SV Werder Bremen,16,5,10650000,2130000,1500000,4500000
2015,2015/16,TSG 1899 Hoffenheim,7,12,30450000,2537500,1875000,8000000
2015,2015/16,VfB Stuttgart,8,9,21850000,2427778,2500000,5000000
2015,2015/16,VfL Wolfsburg,4,6,42150000,7025000,3450000,22000000
2016,2016/17,1.FC Köln,18,4,8500000,2125000,1750000,4000000
2016,2016/17,1.FSV Mainz 05,12,8,19100000,2387500,2500000,3500000
2016,2016/17,Bayer 04 Leverkusen,5,6,41750000,6958333,3750000,17000000
2016,2016/17,Bayern Munich,4,2,58000000,29000000,29000000,38000000
2016,2016/17,Borussia Dortmund,1,8,100000000,12500000,8500000,35000000
2016,2016/17,Borussia Mönchengladbach,10,5,21500000,4300000,2000000,12000000
2016,2016/17,Eintracht Frankfurt,13,9,18300000,2033333,1500000,4000000
2016,2016/17,FC Augsburg,11,8,19250000,2406250,1875000,6000000
2016,2016/17,FC Ingolstadt 04,15,10,10150000,1015000,800000,3000000
2016,2016/17,FC Schalke 04,2,8,82300000,10287500,8000000,25000000
2016,2016/17,Hamburger SV,6,8,31600000,3950000,2000000,10000000
2016,2016/17,Hertha BSC,17,4,9000000,2250000,2500000,3200000
2016,2016/17,RB Leipzig,8,7,28650000,4092857,1000000,11000000
2016,2016/17,SC Freiburg,16,8,9350000,1168750,1000000,2000000
2016,2016/17,SV Darmstadt 98,14,14,14450000,1032143,950000,2500000
2016,2016/17,SV Werder Bremen,7,11,29550000,2686364,2000000,8000000
2016,2016/17,TSG 1899 Hoffenheim,9,8,22075000,2759375,2125000,7500000
2016,2016/17,VfL Wolfsburg,3,9,61250000,6805556,7000000,12000000
2017,2017/18,1.FC Köln,12,7,19650000,2807143,1500000,7000000
2017,2017/18,1.FSV Mainz 05,17,5,13500000,2700000,2500000,5000000
2017,2017/18,Bayer 04 Leverkusen,9,4,27500000,6875000,6000000,12000000
2017,2017/18,Bayern Munich,1,7,140100000,20014286,20000000,50000000
2017,2017/18,Borussia Dortmund,2,7,72625000,10375000,15000000,18000000
2017,2017/18,Borussia Mönchengladbach,5,7,38250000,5464286,4000000,15000000
2017,2017/18,Eintracht Frankfurt,6,12,38000000,3166667,2500000,8000000
2017,2017/18,FC Augsburg,18,6,6625000,1104167,625000,3500000
2017,2017/18,FC Schalke 04,7,7,37500000,5357143,3000000,18000000
2017,2017/18,Hamburger SV,14,6,15950000,2658333,1700000,7000000
2017,2017/18,Hannover 96,13,8,17000000,2125000,1750000,7000000
2017,2017/18,Hertha BSC,16,5,14000000,2800000,2500000,6000000
2017,2017/18,RB Leipzig,4,7,40300000,5757143,3000000,15000000
2017,2017/18,SC Freiburg,11,8,21850000,2731250,2250000,6000000
2017,2017/18,SV Werder Bremen,15,5,14200000,2840000,2000000,6000000
2017,2017/18,TSG 1899 Hoffenheim,8,7,31700000,4528571,3000000,15000000
2017,2017/18,VfB Stuttgart,10,11,26475000,2406818,1500000,7500000
2017,2017/18,VfL Wolfsburg,3,10,51550000,5155000,2875000,14000000
2018,2018/19,1.FC Nuremberg,17,9,16950000,1883333,1000000,5000000
2018,2018/19,1.FSV Mainz 05,11,7,24900000,3557143,2000000,12000000
2018,2018/19,Bayer 04 Leverkusen,4,5,50400000,10080000,10000000,25000000
2018,2018/19,Bayern Munich,5,1,40000000,40000000,40000000,40000000
2018,2018/19,Borussia Dortmund,1,8,78250000,9781250,11000000,20000000
2018,2018/19,Borussia Mönchengladbach,12,5,24300000,4860000,350000,18000000
2018,2018/19,Eintracht Frankfurt,3,13,57450000,4419231,3000000,10000000
2018,2018/19,FC Augsburg,18,4,4700000,1175000,1250000,2000000
2018,2018/19,FC Schalke 04,2,7,70600000,10085714,8000000,18000000
2018,2018/19,Fortuna Düsseldorf,13,13,23000000,1769231,1500000,3000000
2018,2018/19,Hannover 96,10,8,25500000,3187500,2500000,10000000
2018,2018/19,Hertha BSC,14,6,22500000,3750000,3250000,9000000
2018,2018/19,RB Leipzig,15,3,20000000,6666667,4500000,14000000
2018,2018/19,SC Freiburg,16,7,17700000,2528571,2000000,7500000
2018,2018/19,SV Werder Bremen,7,9,33500000,3722222,2500000,15000000
2018,2018/19,TSG 1899 Hoffenheim,8,6,32500000,5416667,5750000,8500000
2018,2018/19,VfB Stuttgart,6,8,37250000,4656250,4500000,10000000
2018,2018/19,VfL Wolfsburg,9,6,31300000,5216667,5750000,8000000
2019,2019/20,1.FC Köln,15,6,25200000,4200000,3500000,12000000
2019,2019/20,1.FC Union Berlin,17,14,19200000,1371429,1125000,4000000
2019,2019/20,1.FSV Mainz 05,8,9,49150000,5461111,4000000,20000000
2019,2019/20,Bayer 04 Leverkusen,6,4,64000000,16000000,14500000,32000000
2019,2019/20,Bayern Munich,1,6,229000000,38166667,30000000,90000000
2019,2019/20,Borussia Dortmund,2,6,185300000,30883333,36000000,50000000
2019,2019/20,Borussia Mönchengladbach,9,5,43650000,8730000,9000000,14000000
2019,2019/20,Eintracht Frankfurt,3,12,169050000,14087500,9500000,60000000
2019,2019/20,FC Augsburg,10,13,41400000,3184615,3000000,7500000
2019,2019/20,FC Schalke 04,11,6,40500000,6750000,5000000,15000000
2019,2019/20,Fortuna Düsseldorf,14,10,26600000,2660000,2500000,7000000
2019,2019/20,Hertha BSC,7,6,55000000,9166667,7500000,20000000
2019,2019/20,RB Leipzig,4,7,73400000,10485714,12000000,20000000
2019,2019/20,SC Freiburg,16,5,23500000,4700000,5000000,9000000
2019,2019/20,SC Paderborn 07,18,11,6975000,634091,550000,1500000
2019,2019/20,SV Werder Bremen,13,6,27400000,4566667,4750000,8000000
2019,2019/20,TSG 1899 Hoffenheim,5,8,72300000,9037500,10500000,20000000
2019,2019/20,VfL Wolfsburg,12,5,30000000,6000000,3000000,15000000
2020,2020/21,1.FC Köln,9,6,26725000,4454167,5250000,7000000
2020,2020/21,1.FC Union Berlin,7,12,36500000,3041667,2600000,8500000
2020,2020/21,1.FSV Mainz 05,18,3,8100000,2700000,1300000,6000000
2020,2020/21,Arminia Bielefeld,10,8,26250000,3281250,1125000,13500000
2020,2020/21,Bayer 04 Leverkusen,5,3,38500000,12833333,12000000,25000000
2020,2020/21,Bayern Munich,1,8,150800000,18850000,10250000,80000000
2020,2020/21,Borussia Dortmund,2,4,81500000,20375000,23250000,24000000
2020,2020/21,Borussia Mönchengladbach,11,2,26000000,13000000,13000000,15000000
2020,2020/21,Eintracht Frankfurt,6,6,36850000,6141667,3150000,24000000
2020,2020/21,FC Augsburg,14,6,19700000,3283333,3500000,6800000
2020,2020/21,FC Schalke 04,16,4,16350000,4087500,1800000,12000000
2020,2020/21,Hertha BSC,4,5,56700000,11340000,7000000,32000000
2020,2020/21,RB Leipzig,3,6,65800000,10966667,11000000,20000000
2020,2020/21,SC Freiburg,12,5,22975000,4595000,4000000,8500000
2020,2020/21,SV Werder Bremen,15,6,17600000,2933333,2650000,6300000
2020,2020/21,TSG 1899 Hoffenheim,7,3,36500000,12166667,7000000,25000000
2020,2020/21,VfB Stuttgart,17,7,15900000,2271429,2400000,5500000
2020,2020/21,VfL Wolfsburg,13,4,22000000,5500000,5000000,11000000
2021,2021/22,1.FC Köln,17,5,10100000,2020000,1800000,3000000
2021,2021/22,1.FC Union Berlin,7,17,40750000,2397059,2500000,5000000
2021,2021/22,1.FSV Mainz 05,14,5,14000000,2800000,3000000,4000000
2021,2021/22,Arminia Bielefeld,9,13,30000000,2307692,2000000,5000000
2021,2021/22,Bayer 04 Leverkusen,6,7,49000000,7000000,7000000,13000000
2021,2021/22,Bayern Munich,2,4,109900000,27475000,24500000,60000000
2021,2021/22,Borussia Dortmund,4,4,51500000,12875000,10750000,30000000
2021,2021/22,Borussia Mönchengladbach,16,2,13000000,6500000,6500000,8000000
2021,2021/22,Eintracht Frankfurt,5,11,49450000,4495455,4000000,17000000
2021,2021/22,FC Augsburg,12,5,18600000,3720000,2500000,8000000
2021,2021/22,Hertha BSC,8,8,35500000,4437500,4100000,9000000
2021,2021/22,RB Leipzig,1,8,164500000,20562500,18500000,45000000
2021,2021/22,SC Freiburg,18,1,7500000,7500000,7500000,7500000
2021,2021/22,SpVgg Greuther Fürth,10,11,20200000,1836364,2000000,4000000
2021,2021/22,TSG 1899 Hoffenheim,13,4,18000000,4500000,4000000,7500000
2021,2021/22,VfB Stuttgart,11,8,19850000,2481250,1900000,8000000
2021,2021/22,VfL Bochum,15,8,13900000,1737500,1100000,4000000
2021,2021/22,VfL Wolfsburg,3,9,67600000,7511111,7000000,15000000
2022,2022/23,1.FC Köln,18,8,19350000,2418750,2400000,4500000
2022,2022/23,1.FC Union Berlin,10,10,39400000,3940000,3750000,7000000
2022,2022/23,1.FSV Mainz 05,11,8,37600000,4700000,3750000,12000000
2022,2022/23,Bayer 04 Leverkusen,7,2,45000000,22500000,22500000,25000000
2022,2022/23,Bayern Munich,1,5,197000000,39400000,35000000,70000000
2022,2022/23,Borussia Dortmund,2,8,156000000,19500000,23000000,35000000
2022,2022/23,Borussia Mönchengladbach,14,4,29850000,7462500,3750000,22000000
2022,2022/23,Eintracht Frankfurt,4,12,76000000,6333333,6500000,16000000
2022,2022/23,FC Augsburg,17,6,23900000,3983333,4750000,6000000
2022,2022/23,FC Schalke 04,6,18,54050000,3002778,2500000,8000000
2022,2022/23,Hertha BSC,12,9,34400000,3822222,4000000,7500000
2022,2022/23,RB Leipzig,3,6,101400000,16900000,19000000,35000000
2022,2022/23,SC Freiburg,13,5,34300000,6860000,4500000,18000000
2022,2022/23,SV Werder Bremen,16,7,24500000,3500000,3500000,6500000
2022,2022/23,TSG 1899 Hoffenheim,5,7,61000000,8714286,7000000,30000000
2022,2022/23,VfB Stuttgart,8,7,44700000,6385714,4500000,15000000
2022,2022/23,VfL Bochum,15,12,27300000,2275000,1800000,6000000
2022,2022/23,VfL Wolfsburg,9,6,39500000,6583333,6250000,15000000
2023,2023/24,1.FC Heidenheim 1846,18,6,7000000,1166667,1250000,2000000
2023,2023/24,1.FC Köln,14,9,18700000,2077778,2000000,5500000
2023,2023/24,1.FC Union Berlin,5,12,96300000,8025000,7500000,25000000
2023,2023/24,1.FSV Mainz 05,13,7,27350000,3907143,5000000,7000000
2023,2023/24,Bayer 04 Leverkusen,3,8,106800000,13350000,12500000,25000000
2023,2023/24,Bayern Munich,1,5,202000000,40400000,28000000,90000000
2023,2023/24,Borussia Dortmund,7,4,68000000,17000000,17500000,20000000
2023,2023/24,Borussia Mönchengladbach,10,9,50750000,5638889,4000000,14000000
2023,2023/24,Eintracht Frankfurt,4,14,99900000,7135714,7000000,18000000
2023,2023/24,FC Augsburg,11,9,37600000,4177778,3000000,12000000
2023,2023/24,RB Leipzig,2,10,193900000,19390000,22000000,40000000
2023,2023/24,SC Freiburg,17,3,11500000,3833333,2000000,8000000
2023,2023/24,SV Darmstadt 98,16,8,12300000,1537500,1200000,3000000
2023,2023/24,SV Werder Bremen,12,5,31500000,6300000,4000000,12000000
2023,2023/24,TSG 1899 Hoffenheim,8,7,64000000,9142857,12000000,15000000
2023,2023/24,VfB Stuttgart,9,11,60000000,5454545,3500000,14000000
2023,2023/24,VfL Bochum,15,10,17450000,1745000,1750000,3000000
2023,2023/24,VfL Wolfsburg,6,8,75500000,9437500,7750000,20000000
2024,2024/25,1.FC Heidenheim 1846,13,9,21500000,2388889,1300000,8000000
2024,2024/25,1.FC Union Berlin,10,10,37100000,3710000,4250000,8000000
2024,2024/25,1.FSV Mainz 05,11,6,26500000,4416667,3750000,9000000
2024,2024/25,Bayer 04 Leverkusen,6,4,65000000,16250000,15000000,25000000
2024,2024/25,Bayern Munich,1,7,170000000,24285714,12000000,55000000
2024,2024/25,Borussia Dortmund,3,5,123000000,24600000,25000000,40000000
2024,2024/25,Borussia Mönchengladbach,16,4,14000000,3500000,4000000,6000000
2024,2024/25,Eintracht Frankfurt,5,8,89700000,11212500,11000000,20000000
2024,2024/25,FC Augsburg,8,11,52800000,4800000,4500000,9000000
2024,2024/25,FC St. Pauli,18,6,7550000,1258333,475000,3000000
2024,2024/25,Holstein Kiel,17,7,7850000,1121429,550000,2000000
2024,2024/25,RB Leipzig,4,5,93000000,18600000,15000000,32000000
2024,2024/25,SC Freiburg,14,4,21400000,5350000,4500000,12000000
2024,2024/25,SV Werder Bremen,15,5,17300000,3460000,4000000,6000000
2024,2024/25,TSG 1899 Hoffenheim,9,8,43200000,5400000,3750000,12000000
2024,2024/25,VfB Stuttgart,2,15,137625000,9175000,7000000,28000000
2024,2024/25,VfL Bochum,12,11,25700000,2336364,2000000,6000000
2024,2024/25,VfL Wolfsburg,7,8,54050000,6756250,6500000,16000000
2025,2025/26,1.FC Heidenheim 1846,18,3,12500000,4166667,4000000,7000000
2025,2025/26,1.FC Köln,12,11,41900000,3809091,4000000,7000000
2025,2025/26,1.FC Union Berlin,15,8,23350000,2918750,3500000,5000000
2025,2025/26,1.FSV Mainz 05,16,5,22050000,4410000,1200000,12000000
2025,2025/26,Bayer 04 Leverkusen,2,16,178700000,11168750,7500000,32000000
2025,2025/26,Bayern Munich,1,4,180000000,45000000,40000000,70000000
2025,2025/26,Borussia Dortmund,4,7,100500000,14357143,18000000,22000000
2025,2025/26,Borussia Mönchengladbach,14,6,31500000,5250000,5500000,7000000
2025,2025/26,Eintracht Frankfurt,7,4,78500000,19625000,19500000,35000000
2025,2025/26,FC Augsburg,10,10,59200000,5920000,5000000,22000000
2025,2025/26,FC St. Pauli,17,10,20450000,2045000,2250000,4000000
2025,2025/26,Hamburger SV,8,12,71000000,5916667,3750000,22000000
2025,2025/26,RB Leipzig,3,8,120500000,15062500,14000000,30000000
2025,2025/26,SC Freiburg,13,6,33000000,5500000,5000000,10000000
2025,2025/26,SV Werder Bremen,6,7,91200000,13028571,11000000,40000000
2025,2025/26,TSG 1899 Hoffenheim,11,8,54500000,6812500,5250000,12000000
2025,2025/26,VfB Stuttgart,9,7,60800000,8685714,7000000,28000000
2025,2025/26,VfL Wolfsburg,5,10,96000000,9600000,6500000,32000000
